Page ID,Page name,Disclaimer,Amount spent (EUR)
428670174395114,Vattenfall,Vattenfall Nederland,8101
245579158353,Giro555,Giro555,7652
288295911466,Greenpeace Nederland,Greenpeace Nederland,7087
1607001549529193,"Waterschap Amstel, Gooi en Vecht","Waterschap Amstel, Gooi en Vecht",6829
447218628670592,UNHCR Nederland,UNHCR Nederland,5861
132031878648,Natuurmonumenten,Vereniging tot Behoud van Natuurmonumenten in Nederland,5554
57729029960,Amnesty International Nederland,Amnesty International Nederland,4881
128393027527,SP,SP,3927
226310417539522,PvdA Noord Holland,PvdA,3716
175740570505,GroenLinks,GroenLinks,3306
488054904564547,ifaw,Stichting IFAW,3298
270279943093158,Hoogheemraadschap Hollands Noorderkwartier - HHNK,Hoogheemraadschap Hollands Noorderkwartier - HHNK,2499
113895885305052,Partij van de Arbeid (PvdA),Partij van de Arbeid (PvdA),2391
514814491878400,NVVE,NVVE,2362
103804832326992,Peter R. de Vries Foundation,Stichting Peter R. de Vries Foundation,2303
115289021825188,Oxfam Novib,Oxfam Novib,2298
83439828234,Milieudefensie,Milieudefensie,2252
159449970751999,Save the Children Nederland,Save the Children Nederland,2153
134745106544502,Vogelbescherming Nederland,Vogelbescherming Nederland,2131
160464877301633,Waddenvereniging,Waddenvereniging,1873
189701254384965,Eneco,Eneco,1868
156571571036057,Natuur & Milieu,Natuur & Milieu,1847
93833638834,Plan International NL,Plan International Nederland,1791
189390074967767,Toegift,Toegift/Stichting Diensten voor Goede doelen,1773
121719834601889,FNV Vakbond,FNV Vakbond,1615
146644665960101,Volt Nederland,Volt Nederland,1608
338750440106782,BBB BoerBurgerBeweging,Boerburgerbeweging,1557
201751609836046,Dokters van de Wereld (NL),Dokters van de Wereld (NL),1428
165625476919894,CNV Vakmensen,CNV Vakmensen,1415
108588405832078,Amref Flying Doctors NL,Amref Flying Doctors NL,1312
142602429748465,Waterschappen,Unie van Waterschappen,1296
120034538112114,Stichting Vluchteling,Stichting Vluchteling,1082
1637965639787416,Nacht van de Vluchteling,Nacht van de Vluchteling,1068
609816282477420,Forum voor Democratie -FVD,Forum voor Democratie,964
142080576837,Vrij Nederland,Vrij Nederland,883
121264564551002,VVD,VVD,827
353474172552,War Child Holland,War Child Holland,804
208649455871752,Hoogheemraadschap van Rijnland,Hoogheemraadschap van Rijnland,702
105516159523693,Wilde Ganzen,Wilde Ganzen,677
1550088745275913,DENK,DENK,653
133687759997528,ASN Bank,ASN Bank,645
248022541905667,Gemeente Amsterdam,Gemeente Amsterdam,630
158944324185744,Defence for Children,Defence for Children,622
101299222797437,Deprovinciekiest,Interprovinciaal Overleg,621
100660309175869,NieuwRechts,NieuwRechts.nl,604
285512534937,Terre des Hommes Nederland,Terre des Hommes Nederland,579
115027651906533,Wakker Dier,Wakker Dier,579
106020448037192,JA21,JA21.nl,554
349312760804,World Vision Nederland,World Vision NL,548
320374518118,CDA,CDA,548
1513719122247725,ChristenUnie Noord-Holland,ChristenUnie Noord-Holland,548
261743583890104,Mensen met een Missie,Mensen met een Missie,522
439703479409823,ABP Pensioenfonds voor overheid en onderwijs,ABP,515
106370071810105,Cultuur onder Vuur NL,Stichting Civitas Christiana,511
101726072766798,Namens Noord-Hollanders.,Namens Noord-Hollanders,496
120184871378246,Aidsfonds,Aidsfonds,477
133720236695807,Werken voor Nederland,Werken voor Nederland,474
202064936858448,Geert Wilders,Geert Wilders,415
139858509373289,UNICEF Nederland,Unicef Nederland,380
105784111524296,Ekō NL,SumOfUs,377
844559615710915,Lilian Marijnissen,SP,362
113072077160368,Consuwise,consuwise.nl,355
105339817717917,Gezin in Gevaar,Stichting Civitas Christiana,351
102943995924886,Water Wonen en Natuur,Water Wonen en Natuur,341
148404651881567,VNO-NCW,VNO-NCW,306
404247949634770,CARE Nederland,CARE Nederland,301
100455310014019,Solidaridad,Solidaridad,300
198486356863605,Longfonds,Longfonds,287
1395051300796067,Water Natuurlijk Hollands Noorderkwartier,Water Natuurlijk Hollands Noorderkwartier,277
222029491143966,Free Press Unlimited,Free Press Unlimited,275
1409007399336866,BNNVARA,BNNVARA,273
377484722432934,PvdA Provincie Utrecht,PvdA Provincie Utrecht,268
94738574348,Boom Chicago,Boom Chicago,240
225160178094449,Corekees,Corekees,240
171605059556434,World Animal Protection Nederland,World Animal Protection Nederland,236
115252804799038,VVD HHNK,VDK Media BV,229
473492249475971,Stirezo Pro-life,Stichting Civitas Christiana,221
110540418715,VIER VOETERS,VIER VOETERS,196
102523116490167,NJR,NJR,196
366594150140313,Gemeente Beverwijk,Gemeente Beverwijk,195
100169997009,Proefdiervrij,Proefdiervrij,191
290134957713451,Partij voor de Dieren Noord-Holland,PvdD Noord-Holland,190
141801972540083,EW Magazine,EW Magazine,177
111190905649544,SIRE,SIRE,166
108625789179165,Soi Dog Foundation,These ads ran without a disclaimer,163
143686555666670,Trees for All,Trees for All,159
178362315106,European Parliament,European Parliament,152
106183841098714,Partij voor de Dieren Rijnland,Partij voor de Dieren Rijnland,147
101701619359166,GOUD Nederland,Fractie den Haan = Goud,147
117483088313381,CIWF Nederland,CIWF Nederland,147
1830425247191865,Cordaid,Cordaid,144
100364422327666,BVNL,BVNL,143
172860162749495,DOA,DOA,138
196678880377286,International Justice Mission,International Justice Mission,132
272751376080288,FairWork,Francien Winsemius,129
116592248404562,Rode Hoed,Rode Hoed,128
114824741963035,Kom over en help,St. Kom over en help,127
112230998444893,Steunfonds Laatste Wil,Lars Grijpma,122
104314055924926,Het eerlijke verhaal,OTTO Work Force,119
290134957713451,Partij voor de Dieren Noord-Holland,Party for the Animals,118
194041757291378,PAX,PAX,118
52985377549,D66,D66,114
164448196903465,Simavi,Simavi,112
269793629749221,ZOA,ZOA,111
195325640540297,Provincie Noord-Holland,Provincie Noord-Holland,107
124564577597743,Ministerie van Economische Zaken en Klimaat,Ministerie van Economische Zaken en Klimaat,106
343592399090367,VisitHaarlemmermeer,Gemeente Haarlemmermeer,106
480539702005665,DE VERLEIDERS,DE VERLEIDERS,101
347623668624706,50PLUSpartij,VLG,≤100
201504833529796,Leefbaar Alkmaar,Leefbaar Alkmaar,≤100
147683725284795,Mercy Ships Holland,Mercy Ships Holland,≤100
436101979807727,Pointer (KRO-NCRV),KRO-NCRV,≤100
109874178164594,BVNL-Haarlemmermeer,Albertus De Ruiter,≤100
106344505211908,OPNH,Onafhankelijke Politiek Noor-Holland (OPNH),≤100
527509587433951,AWP Nederland,Algemene Waterschapspartij AWP,≤100
217465211738942,De mooiste boodschap is bio,Bionext,≤100
212763862068531,Dier&Recht,Dier&Recht,≤100
354196741370845,Brandpunt+,KRO-NCRV,≤100
486293704724646,Krnwtr+ / Zereau Drinks,KRNWTR,≤100
170725579702314,ActionAid Nederland,ActionAid,≤100
254307434680072,FNV Supermarkt,FNV Vakbond,≤100
160001040736183,Fairtrade Nederland,Fairtrade Nederland,≤100
1498781793769425,Buitenhof,Buitenhof,≤100
394817113944324,Zending over Grenzen,These ads ran without a disclaimer,≤100
542701052543711,NedZink,NedZink,≤100
325306177501144,Amsterdam Stadsdeel Zuid,Gemeente Amsterdam,≤100
170418416305218,Brandweer Nederland,These ads ran without a disclaimer,≤100
256330771194175,Iedereen mediawijs,Iedereen mediawijs,≤100
102287806490622,Partij voor de Dieren,Partij voor de Dieren,≤100
261743583890104,Mensen met een Missie,Stichting CMC - Mensen met een Missie,≤100
190231243842,De Groene Amsterdammer,De Groene Amsterdammer,≤100
347623668624706,50PLUSpartij,50PLUSpartij,≤100
205668852785355,Gemeente Zaanstad,Gemeente Zaanstad,≤100
751427151608409,Water Natuurlijk Limburg,Water Natuurlijk Limburg,≤100
180532465311930,Rode Kruis,Rode Kruis,≤100
323859754295042,Language Rights,stichting European Language Rights,≤100
145580068834607,Veteranendag,Veteranendag,≤100
2089589647982366,Bas de Wit,Bas de Wit,≤100
136964999784149,Water Natuurlijk Rijnland,Water Natuurlijk Rijnland,≤100
130015911059089,Samen om,om | nieuwe energie,≤100
101577532862529,Meldpunt Discriminatie Regio Adam,These ads ran without a disclaimer,≤100
769751776468587,Argan,Stichting Argan,≤100
338060336278487,EO Metterdaad,EO Metterdaad,≤100
512252945544565,asr,These ads ran without a disclaimer,≤100
132272050127848,de Volkskrant,de Volkskrant,≤100
193937973958596,Cvandaag,Cvandaag,≤100
428104614591483,Gemeentebelangen Purmerend,Gemeentebelangen Purmerend,≤100
318502745709789,NoMorePlastic,NoMorePlastic,≤100
104925795239389,Ismail El Abassi,Ismail El Abassi,≤100
511911518844443,Student & Starter,Student & Starter,≤100
301641784038642,Strong Babies,Strong Babies,≤100
112564955077010,News,These ads ran without a disclaimer,≤100
165488696805185,Vereniging Basisinkomen,Alexander De Roo,≤100
106116392274016,zelf.coaching,These ads ran without a disclaimer,≤100
100620339476471,GOUD Zuid-Holland,GOUD Zuid-Holland,≤100
203753056314055,Varkens in Nood,Varkens in Nood,≤100
100616856700002,Gemeente Purmerend,Gemeente Purmerend,≤100
248146915232092,JOVD,JOVD,≤100
133503433407421,Qua-vac,These ads ran without a disclaimer,≤100
100807068552295,Looop,Looop,≤100
110333761471734,SP Jongeren,SP Jongeren,≤100
379066192245654,PvdA Pro Texel,PvdA Pro Texel,≤100
313228288806437,Motivaction International,Motivaction International B.V.,≤100
1212758348747657,Haarlems Zwartboek,Koen Straesser,≤100
111751147109910,Gaiyo,These ads ran without a disclaimer,≤100
120978477961903,Gemeente Enschede,Gemeente Enschede,≤100
102615481493582,CIRCA,These ads ran without a disclaimer,≤100
1474612649511154,FNV Zorg & Welzijn,FNV Zorg & Welzijn,≤100
102795058943786,Liberaal Hoorn,Liberaal Hoorn,≤100
100345376686972,SP Amsterdam,SP Amsterdam,≤100
1956117221310837,De Realistische Partij,Stichting De Realistische Partij,≤100
145692339544199,Fauna4Life,Fauna4Life,≤100
208250375865238,Woord en Daad,Stichting Woord en Daad,≤100
1643464182466269,Make it in the North,These ads ran without a disclaimer,≤100
699014280188216,SP Noord-Holland,Marcel Lathouwers,≤100
110268564951923,Wildlife Solutions,These ads ran without a disclaimer,≤100
106297492362053,Mahmut Sungur DENK,Mahmut Sungur,≤100
1387354408205051,Gemeente Velsen,Gemeente Velsen,≤100
876463785743629,Waterschap Drents Overijsselse Delta,Waterschap Drents Overijsselse Delta,≤100
338284879847101,Top of Minds,These ads ran without a disclaimer,≤100
308783402556098,Ecover Nederland,These ads ran without a disclaimer,≤100
111996954938542,Anwer Masifi,Rashid Haji Mohammed,≤100
105955311154401,Onlinestemtool.nl,Onlinestemtool.nl,≤100
109868387126552,Let's Break the Shame,Let's Break the Shame,≤100
102930737755440,creativebynature,These ads ran without a disclaimer,≤100
439703479409823,ABP Pensioenfonds voor overheid en onderwijs,These ads ran without a disclaimer,≤100
1631255183796769,Literatuurmuseum,These ads ran without a disclaimer,≤100
488054904564547,ifaw,These ads ran without a disclaimer,≤100
113941798666982,NEMO Science Museum,These ads ran without a disclaimer,≤100
111846733645827,Kennispunt Lokale Politieke Partijen,Kennispunt Lokale Politieke Partijen,≤100
235593276471658,Breed Interieur,These ads ran without a disclaimer,≤100
347614259651377,Carter Five,These ads ran without a disclaimer,≤100
101142859215307,Onderzoekscollectief Spit,Onderzoekscollectief Spit,≤100
180024251532,Internationaal Theater Amsterdam,These ads ran without a disclaimer,≤100
147248075354203,Gemeente Heemstede,These ads ran without a disclaimer,≤100
327605354041024,CDA Zeeland,CDA Zeeland,≤100
37586539901,VPRO Tegenlicht,VPRO Tegenlicht,≤100
283811678740257,GroenLinks Texel,GroenLinks Texel,≤100
1397800087193059,BAS-Alkmaar,BAS-Alkmaar,≤100
403772503084759,Rijksdienst voor Ondernemend Nederland - RVO,These ads ran without a disclaimer,≤100
107074255523711,VVD Europa,VVD Europa,≤100
737752176243177,mindnederland.nl,mindnederland.nl,≤100
112530232090434,NPO,NPO,≤100
1034873183235378,BPF Schilders,BPF Schilders,≤100
1909126929105800,Partij voor behoud van de Nederlandse identiteit,Georges Scheffer,≤100
115742736950616,Betekenisvol Leven,These ads ran without a disclaimer,≤100
969158383214898,Wybren van Haga - BVNL,BVNL,≤100
107898832590939,European Commission,European Commission,≤100
147547541961576,Council of the European Union,Council of the European Union,≤100
432601560132198,Stûv,These ads ran without a disclaimer,≤100
476641019042323,Zonnewarmte-Ramplaankwartier,These ads ran without a disclaimer,≤100
388281274593522,Samsam Magazine,Samsam Magazine,≤100
101425345271332,Shark attack the game,Kings of the Ocean B.V.,≤100
1432336870356280,Plastic Soup Surfer,Plastic Soup Surfer,≤100
111266434938947,Shopfashihon42,These ads ran without a disclaimer,≤100
111616771110534,Beyond Riches,These ads ran without a disclaimer,≤100
482627141765808,Blijf Groep,These ads ran without a disclaimer,≤100
121130347943687,Schroders,These ads ran without a disclaimer,≤100
375136359225921,UITMAG.nl,These ads ran without a disclaimer,≤100
104444102527256,Recht op Nee,These ads ran without a disclaimer,≤100
100291879670117,Campagne Noortje Flink,Lukas Pieter Petrus Van Dongen,≤100
118995661450889,De Bezige Bij,These ads ran without a disclaimer,≤100
110453898998384,Centraal Beheer,These ads ran without a disclaimer,≤100
100107315104570,Slimbespaard,These ads ran without a disclaimer,≤100
112530232090434,NPO,These ads ran without a disclaimer,≤100
183011565044370,Spant,These ads ran without a disclaimer,≤100
135265413345034,Sanicat,These ads ran without a disclaimer,≤100
279322925441065,Vastenactie,Vastenactie,≤100
107880037304918,Radboud Fonds,Stichting Radboud Fonds,≤100
105588771133411,Sectorraad Paarden,These ads ran without a disclaimer,≤100
505250372968343,Best of Romance,These ads ran without a disclaimer,≤100
136320679770578,Kruidvat NL,These ads ran without a disclaimer,≤100
103355405218295,Club Leaf,These ads ran without a disclaimer,≤100
1561655447470490,PvdA Beverwijk-Wijk aan Zee,PvdA Beverwijk,≤100
105231179146540,Barv,These ads ran without a disclaimer,≤100
193042680776214,Meer Dan Gewenst,Meer Dan Gewenst,≤100
106491429483582,SDOK,SDOK,≤100
107898832590939,European Commission,These ads ran without a disclaimer,≤100
196142137087958,Troostwijk Auctions,These ads ran without a disclaimer,≤100
106324845376619,Nacht van de Filosofie,Serious Culture,≤100
292526024137287,Life24,Expolife,≤100
111361091313,NICABM,These ads ran without a disclaimer,≤100
105058616251465,RashondenWijzer,These ads ran without a disclaimer,≤100
102662069386055,Defender Experience,These ads ran without a disclaimer,≤100
190231243842,De Groene Amsterdammer,These ads ran without a disclaimer,≤100
106838408723859,Child Safety On,These ads ran without a disclaimer,≤100
100457259639549,The Blackletter,These ads ran without a disclaimer,≤100
1495313417366650,Good life van Eus,Eugène van Essen,≤100
205096312852338,TivoliVredenburg,These ads ran without a disclaimer,≤100
178618714902,MTV Nederland,These ads ran without a disclaimer,≤100
162865337242691,GroenLinks Renkum,Eveline Vink,≤100
100110105027855,Hart voor Medemblik - HvM,Hart voor Medemblik,≤100
290451384424283,CompaNanny,These ads ran without a disclaimer,≤100
421920954609274,VVD Flevoland,VVD Flevoland,≤100
145348432198036,Camfil,These ads ran without a disclaimer,≤100
399299976834885,VVD Baarn,VVD Baarn,≤100
126122100789482,Filmhuis Bussum,These ads ran without a disclaimer,≤100
589938234422084,PvdA Zoetermeer,PvdA Zoetermeer,≤100
772951762810345,Vote Company,Vote Company,≤100
267264199961398,Change the World Model United Nations,These ads ran without a disclaimer,≤100
397927193614702,Lionsclubs Nederland,Lionsclubs Nederland,≤100
219017088175847,Amsterdam Museum,These ads ran without a disclaimer,≤100
104562024551276,artlovingcriminal,These ads ran without a disclaimer,≤100
104043759272006,Police-INTERPOL,These ads ran without a disclaimer,≤100
115200218139402,О Главном,These ads ran without a disclaimer,≤100
167327710092323,Mollaei Law,These ads ran without a disclaimer,≤100
104590425802557,Новости Дня,These ads ran without a disclaimer,≤100
107625510846026,Fyner,These ads ran without a disclaimer,≤100
478670012154037,Think Then Choose Wisely,These ads ran without a disclaimer,≤100
608650595820049,The Conqueror Challenges,These ads ran without a disclaimer,≤100
1220981994590364,FT Partner Content,These ads ran without a disclaimer,≤100
103172615751312,Switch2Zero,These ads ran without a disclaimer,≤100
284077938733444,LG Klimaat,These ads ran without a disclaimer,≤100
122528452483478,Long Tall J,These ads ran without a disclaimer,≤100
168787788788,IamExpat in the Netherlands,These ads ran without a disclaimer,≤100
105371502336242,乌克兰.ua,These ads ran without a disclaimer,≤100
191274340891758,Theater Rotterdam,These ads ran without a disclaimer,≤100
103838582646296,Henriette van Hedel - Alliantie,Johanna Henriette Geertruda Elisabeth Van Hedel,≤100
374526745933045,In Person,These ads ran without a disclaimer,≤100
1408087399224304,Gemeente Waddinxveen,Gemeente Waddinxveen,≤100
1032201913485790,YellowKorner,These ads ran without a disclaimer,≤100
105660295711388,Pieter Dijkman VVD kandidaat Provinciale Staten van Noord-Holland,Petrus Florentius Dijkman,≤100
100526887971288,QMLH Foundation,These ads ran without a disclaimer,≤100
384422538296426,United Palestinian Appeal - UPA,These ads ran without a disclaimer,≤100
1062963547225217,The Bar-Tur Photo Award,These ads ran without a disclaimer,≤100
103149352639706,hvyaprl,These ads ran without a disclaimer,≤100
1165715730222155,Consumer Choice Center,These ads ran without a disclaimer,≤100
132819526758532,Siemens Healthineers,These ads ran without a disclaimer,≤100
511066899392752,Xiaomi Nederland,These ads ran without a disclaimer,≤100
202064936858448,Geert Wilders,These ads ran without a disclaimer,≤100
581045078625669,Sweettatt Balm,These ads ran without a disclaimer,≤100
107845255273633,Lily Amani Ayan,These ads ran without a disclaimer,≤100
129932463689142,Uitgeverij Aspekt,These ads ran without a disclaimer,≤100
1578616715778128,Fotolabkiekie,These ads ran without a disclaimer,≤100
110086354842275,Nieuw Sociaal,Nieuw Sociaal,≤100
286480434837730,VVD Noord-Holland,VVD Noord-Holland,≤100
1210729619004307,Econic,These ads ran without a disclaimer,≤100
144709575593854,EESC - European Economic and Social Committee,EESC - European Economic and Social Committee,≤100
101446664774750,Vizier,Vizier,≤100
356716921369234,Eri-Platform,These ads ran without a disclaimer,≤100
111190855227233,EU 24,These ads ran without a disclaimer,≤100
396058040471024,Fonds 1818,These ads ran without a disclaimer,≤100
118754531489898,Artsen zonder Grenzen,These ads ran without a disclaimer,≤100
343256115812748,Healingcentrum Atlantis,These ads ran without a disclaimer,≤100
228860957246908,GroenLinks De Fryske Marren,GroenLinks De Fryske Marren,≤100
739069619526694,LessonUp,These ads ran without a disclaimer,≤100
1443531899105386,DeWarmte,These ads ran without a disclaimer,≤100
59413888763,BNR Nieuwsradio,These ads ran without a disclaimer,≤100
222162534478990,de Alliantie,These ads ran without a disclaimer,≤100
101981155784843,HUMANE,These ads ran without a disclaimer,≤100
103836225745884,SKH,These ads ran without a disclaimer,≤100
102211947861849,Amare - Den Haag,These ads ran without a disclaimer,≤100
105438302079170,Mission Reuse,These ads ran without a disclaimer,≤100
177657565619192,Superfoodstore.nl,These ads ran without a disclaimer,≤100
323521674458568,Tarkett Nederland,These ads ran without a disclaimer,≤100
576853309180691,Academie voor Geesteswetenschappen,These ads ran without a disclaimer,≤100
185561295623272,Move To Help Foundation,These ads ran without a disclaimer,≤100
101238866148775,The Revolution Times,These ads ran without a disclaimer,≤100
116523104683157,Dré Peters Politicus,These ads ran without a disclaimer,≤100
64676229680,Ayn Rand Institute,These ads ran without a disclaimer,≤100
103626731813923,daily_crap_official,These ads ran without a disclaimer,≤100
567125883668607,Werken bij Stedin,These ads ran without a disclaimer,≤100
331584060673557,Stadspartij 100% voor Groningen,Stichting Stadspartij Fractie Groningen,≤100
110826091711924,viev.deutschland,These ads ran without a disclaimer,≤100
63465984863,Arctic Adventures,These ads ran without a disclaimer,≤100
47710652725,Goethe-Institut,These ads ran without a disclaimer,≤100
335124336694825,Pride Amsterdam,These ads ran without a disclaimer,≤100
427484367365592,Nationaal Park Weerribben-Wieden,These ads ran without a disclaimer,≤100
104546295740207,Aura of the world,These ads ran without a disclaimer,≤100
101529422826181,Archwey for The Ocean Race,These ads ran without a disclaimer,≤100
270687393022732,De Zaak ondernemers onder elkaar,These ads ran without a disclaimer,≤100
114414808235140,BSCKll - Nguyễn Hồng Siêm,These ads ran without a disclaimer,≤100
104198359248171,bombae.thelabel,These ads ran without a disclaimer,≤100
100383085133476,Chiesi Global Rare Diseases,These ads ran without a disclaimer,≤100
106344505211908,OPNH,These ads ran without a disclaimer,≤100
594598630668610,de lage landen,These ads ran without a disclaimer,≤100
336575811655,Gemeente Rotterdam,Gemeente Rotterdam,≤100
450419368477478,DEGIRO,These ads ran without a disclaimer,≤100
382995855462525,Dijkstra & van Puffelen,These ads ran without a disclaimer,≤100
6115848166,Nature Portfolio,These ads ran without a disclaimer,≤100
105528162248316,viev.mobilyaa,These ads ran without a disclaimer,≤100
106280467849526,Johnny Cashew,These ads ran without a disclaimer,≤100
110306988272763,haarlem4ukraine,These ads ran without a disclaimer,≤100
384123668398987,Amsterdam Career Days,These ads ran without a disclaimer,≤100
498775223636895,Miraxess,These ads ran without a disclaimer,≤100
698451706850384,CDA Noordwijk-Noordwijkerhout-De Zilk,Duivenvoorde Sebastiaan,≤100
102298851703898,simon_form,These ads ran without a disclaimer,≤100
101258686079240,petit_artmots,These ads ran without a disclaimer,≤100
544720052310663,ChristenUnie Provincie Utrecht,ChristenUnie Provincie Utrecht,≤100
1074862009239817,Hodak Trainings,These ads ran without a disclaimer,≤100
318421238756288,Are you R Dutch,These ads ran without a disclaimer,≤100
529955580364212,SMA International,These ads ran without a disclaimer,≤100
77627830401,Bimhuis,These ads ran without a disclaimer,≤100
179059542453592,WIZO Nederland,These ads ran without a disclaimer,≤100
108677198363140,blacklivesfromgeneration,These ads ran without a disclaimer,≤100
1464834243816568,Reise-ArchitekTour,These ads ran without a disclaimer,≤100
527351247377965,European Committee of the Regions,European Committee of the Regions,≤100
1525295717743886,SP Noord-Brabant,SP Noord-Brabant,≤100
172726782754343,Edukans,These ads ran without a disclaimer,≤100
109558328477512,KattenRadar Regio Amsterdam,These ads ran without a disclaimer,≤100
116941867957052,Rotonjo,These ads ran without a disclaimer,≤100
106221651136016,flacaiperoti13,These ads ran without a disclaimer,≤100
146955527905,EU Civil Protection & Humanitarian Aid,These ads ran without a disclaimer,≤100
239053800190726,Haardcenter,These ads ran without a disclaimer,≤100
1846196185665307,Eurostat,These ads ran without a disclaimer,≤100
106337595646105,Uw zonnepanelen laten leveren en installeren binnen 4 weken?,These ads ran without a disclaimer,≤100
1523062494580299,Service Apotheek,These ads ran without a disclaimer,≤100
461741233923788,CASA DE CAMBIO EUROPA,These ads ran without a disclaimer,≤100
948261401921221,Gemeenteraad Utrecht,These ads ran without a disclaimer,≤100
1617495831621961,Forza De Bilt,Forza De Bilt,≤100
124590029508810,conscyou.official,These ads ran without a disclaimer,≤100
102722405954081,red.eye.world,These ads ran without a disclaimer,≤100
321334577970547,Suribooks.com,These ads ran without a disclaimer,≤100
425885917548145,Delfshaven,Gemeente Rotterdam,≤100
248039519074498,upply,These ads ran without a disclaimer,≤100
107042108303694,Partij Sleutelstad Leiden,Politieke Vereniging PS (Partij Sleutelstad),≤100
346093205489554,VVD Emmen,Meijer Marcel,≤100
112861661599616,militarylegacy,These ads ran without a disclaimer,≤100
112043525139543,PVV Tweedekamer,These ads ran without a disclaimer,≤100
108148958352704,Travelers Spot,These ads ran without a disclaimer,≤100
340367026037527,Provincie Zuid-Holland,These ads ran without a disclaimer,≤100
104981204193870,rayaneviamia,These ads ran without a disclaimer,≤100
111933175083650,Art Gallery Wending,These ads ran without a disclaimer,≤100
1526034107641904,Dana Dijkgraaf Design,These ads ran without a disclaimer,≤100
100591274841281,Mosel-Chalets - Designferienhäuser an der Mosel,These ads ran without a disclaimer,≤100
102884679251534,FlexyFit,These ads ran without a disclaimer,≤100
115816835104562,Deutsche Bank,These ads ran without a disclaimer,≤100
10750083165,The Africa Report,These ads ran without a disclaimer,≤100
110402455275148,Sirius Technologies B.V.,These ads ran without a disclaimer,≤100
100488762759295,FOA_Invest,These ads ran without a disclaimer,≤100
387573881345007,EU Maritime & Fish,These ads ran without a disclaimer,≤100
169136546437160,Paola Maugeri,These ads ran without a disclaimer,≤100
442675105887091,AkkerbouwActueel,These ads ran without a disclaimer,≤100
118356801554598,EU Food & Farming,These ads ran without a disclaimer,≤100
104532115888790,Bolter ego,These ads ran without a disclaimer,≤100
101773465938136,Fit for 55 - Explained,These ads ran without a disclaimer,≤100
111423344754873,Ngọc Sương,These ads ran without a disclaimer,≤100
111166248276745,Invisible Republic,These ads ran without a disclaimer,≤100
163725233653818,Rocko Garoni,These ads ran without a disclaimer,≤100
108584705340962,Lion Poba 25271,These ads ran without a disclaimer,≤100
333939901218,Het Parool,These ads ran without a disclaimer,≤100
517231405008910,Global Landscapes Forum,These ads ran without a disclaimer,≤100
341359023051114,Crafts&Co,These ads ran without a disclaimer,≤100
1408798382746832,Waschbär Eco-Shop,These ads ran without a disclaimer,≤100
240498082699695,De Gezonde Stad,These ads ran without a disclaimer,≤100
100179375310104,Schmidt 101,These ads ran without a disclaimer,≤100
542364179119408,FNP Fryslân,FNP Fryslân,≤100
103569868196996,Képmás Magazine,These ads ran without a disclaimer,≤100
1390745591150821,NRC - Norwegian Refugee Council,These ads ran without a disclaimer,≤100
693494117480577,PVV Emmen,Klaas Bosma,≤100
337904449630863,Isabelle Busch Fine Jewelry,These ads ran without a disclaimer,≤100
188398378559914,Partij Ons SOESTerberg - POS,These ads ran without a disclaimer,≤100
527509587433951,AWP Nederland,These ads ran without a disclaimer,≤100
403943403087425,ChristenUnie Flevoland,ChristenUnie Flevoland,≤100
136108643103730,Pelgrim,These ads ran without a disclaimer,≤100
139666286225597,Euranet Plus - Official,These ads ran without a disclaimer,≤100
393631714068016,Hoogheemraadschap van Schieland en de Krimpenerwaard,Hoogheemraadschap van Schieland en de Krimpenerwaard,≤100
279656027220373,Macron Football,These ads ran without a disclaimer,≤100
463828040351089,Waterschap Brabantse Delta,Waterschap Brabantse Delta,≤100
884935988188624,Tokyo Gov,These ads ran without a disclaimer,≤100
107629868837855,Doc Danny Richard Specialist,These ads ran without a disclaimer,≤100
466120763493964,D66 Bloemendaal,These ads ran without a disclaimer,≤100
499307776928661,Mylène Kroon / Electronic Philosophic Music,These ads ran without a disclaimer,≤100
1480571272250618,Promodukties,These ads ran without a disclaimer,≤100
216311481960,Bill Gates,These ads ran without a disclaimer,≤100
397852427011776,Handelsonderneming Klep,These ads ran without a disclaimer,≤100
105048571175938,Ellesie - Vrouwenkliniek,These ads ran without a disclaimer,≤100
545354465506773,Nieuwspoort,These ads ran without a disclaimer,≤100
418847744807658,CIDI,These ads ran without a disclaimer,≤100
106524471796756,Dance style,These ads ran without a disclaimer,≤100
100702719073227,Good GM NTY,These ads ran without a disclaimer,≤100
921431404678606,Bedrijvenkring Leusden BKL,These ads ran without a disclaimer,≤100
103558317830895,Carbfix,These ads ran without a disclaimer,≤100
555753164836084,BZEN,These ads ran without a disclaimer,≤100
108029944246996,POLITICO Studio,These ads ran without a disclaimer,≤100
610803289006718,Truss Aluminium Factory,These ads ran without a disclaimer,≤100
110902058583859,WAVE for a better future,These ads ran without a disclaimer,≤100
116258338037171,Nobility,These ads ran without a disclaimer,≤100
104880912388734,News Day,These ads ran without a disclaimer,≤100
161329174358743,Tobeamuse,These ads ran without a disclaimer,≤100
107235197652714,NextGen LP,These ads ran without a disclaimer,≤100
116115541659,EuroClio - European Association of History Educators,These ads ran without a disclaimer,≤100
970277329658070,Vzw Amarant,These ads ran without a disclaimer,≤100
331055964004608,Delta Investment Tracker,These ads ran without a disclaimer,≤100
105524152071599,ifiwasarichgirl.nl,These ads ran without a disclaimer,≤100
163793684100220,GroenLinks Noordwijk,These ads ran without a disclaimer,≤100
105860035707190,petite.keeper,These ads ran without a disclaimer,≤100
400508250496182,Bart Megens Statenlid PVV Limburg,Megens Bart J M H,≤100
1898531803540137,Toto Asher,These ads ran without a disclaimer,≤100
100718566221956,jayjovian,These ads ran without a disclaimer,≤100
100230231631460,CoffeeMeister.nl,These ads ran without a disclaimer,≤100
108274228854551,Job van Hussen,Peter Jacob Michiel Van Hussen,≤100
108575437682715,prostomary_,These ads ran without a disclaimer,≤100
470023986364609,Archipanic,These ads ran without a disclaimer,≤100
198398326957053,Shree Krishnayan Desi Gauraksha Avam Golokdham Sewa Samiti,These ads ran without a disclaimer,≤100
153887384672062,Doctors Without Borders / Médecins Sans Frontières,These ads ran without a disclaimer,≤100
101991389495355,academiayogadharma,These ads ran without a disclaimer,≤100
102500518635499,ENTR en,These ads ran without a disclaimer,≤100
1744391465601424,"Cyprus Dogs, A Paw in the right direction",These ads ran without a disclaimer,≤100
106455984412080,Douie Hamburg,These ads ran without a disclaimer,≤100
64670453529,Pipelife International,These ads ran without a disclaimer,≤100
582747471885273,Gemeente Barendrecht,Gemeente Barendrecht,≤100
116633427986743,punchycherish,These ads ran without a disclaimer,≤100
28312410177,World Food Programme,These ads ran without a disclaimer,≤100
253833008892301,Noah in de Politiek,Noah Brok,≤100
604567176238047,Андрей Кураев,These ads ran without a disclaimer,≤100
745905415586298,PVV Almelo,PVV Almelo,≤100
154235850999,gestalten,These ads ran without a disclaimer,≤100
338707340769202,Falstaff International,These ads ran without a disclaimer,≤100
288700097949818,Mijn Stem,Citisens,≤100
127982083993385,Armare Ropes,These ads ran without a disclaimer,≤100
175542959311586,Superyacht Life,These ads ran without a disclaimer,≤100
114367077020594,King Midas and the Red Queen,These ads ran without a disclaimer,≤100
1247983045409136,We Promise,These ads ran without a disclaimer,≤100
1905736329694826,Dragos Comedy,These ads ran without a disclaimer,≤100
381844632672881,EU Assistance for Dnipro Transport Development,These ads ran without a disclaimer,≤100
109912854920831,Theodore International Startup Academy - TISA,These ads ran without a disclaimer,≤100
323163344709286,KOROLOVA,These ads ran without a disclaimer,≤100
280080392065179,Waterschap De Dommel,Waterschap De Dommel,≤100
405379246524515,DHL Express,These ads ran without a disclaimer,≤100
261768034484063,Dissegna Logistics,These ads ran without a disclaimer,≤100
107236885595260,Simple secret,These ads ran without a disclaimer,≤100
217584858273969,Unilin,These ads ran without a disclaimer,≤100
113922313330401,The New Paradigm Aquarius,These ads ran without a disclaimer,≤100
141801972540083,EW Magazine,These ads ran without a disclaimer,≤100
165914046762784,PvdA Limburg,PvdA Limburg,≤100
1107059155983920,Hengelsportvereniging Amersfoort,These ads ran without a disclaimer,≤100
474174975953952,Johnny Gold Fan Pagina,These ads ran without a disclaimer,≤100
159655254060987,zChocolat.com,These ads ran without a disclaimer,≤100
110907030632192,YYH ART CLASS,These ads ran without a disclaimer,≤100
60516116431,Člověk v tísni,These ads ran without a disclaimer,≤100
109757494759821,INSOUNDER,These ads ran without a disclaimer,≤100
100946406054938,Poole Padilla,These ads ran without a disclaimer,≤100
110333931764735,Smile Papers,These ads ran without a disclaimer,≤100
103245949251874,Stairway to SDG 3.0,These ads ran without a disclaimer,≤100
201388739873988,Psom na pomoc,These ads ran without a disclaimer,≤100
113656864962740,Новости Дня.,These ads ran without a disclaimer,≤100
106449882358683,Новости Дня.,These ads ran without a disclaimer,≤100
61863318139,World Resources Institute,These ads ran without a disclaimer,≤100
101597542641620,Ukrainian PR Army,These ads ran without a disclaimer,≤100
102452782623476,Funny Ent,These ads ran without a disclaimer,≤100
96124072223,Princeton University Press,These ads ran without a disclaimer,≤100
105412742392556,tlgartcollective,These ads ran without a disclaimer,≤100
134571176638205,One Tree Planted,These ads ran without a disclaimer,≤100
110601438611168,EU News,These ads ran without a disclaimer,≤100
116033721373210,Secret007,These ads ran without a disclaimer,≤100
984203991753488,Research Outreach,These ads ran without a disclaimer,≤100
678094802296447,AHR Group,These ads ran without a disclaimer,≤100
106614631788380,Kitco Mining,These ads ran without a disclaimer,≤100
101735919457751,Healthmateclinic,These ads ran without a disclaimer,≤100
373536278864,UNICEF Europe & Central Asia,These ads ran without a disclaimer,≤100
622390311179612,وقف الأمة Ümmet Vakfı,These ads ran without a disclaimer,≤100
1394433430864608,GIGOS,These ads ran without a disclaimer,≤100
104580814933921,Coach Mitchell H.,These ads ran without a disclaimer,≤100
340577086006224,CRI German,These ads ran without a disclaimer,≤100
102423229267734,ikizlerletekbasina,These ads ran without a disclaimer,≤100
103093016017760,Info News,These ads ran without a disclaimer,≤100
282537524017,Home of SOMA,These ads ran without a disclaimer,≤100
64982236830,Alumni Association of the University of Michigan,These ads ran without a disclaimer,≤100
393334177725531,Xavier Alerander,These ads ran without a disclaimer,≤100
8497127539,Brown Alumni & Friends,These ads ran without a disclaimer,≤100
198750386922784,Valeria Basurco,These ads ran without a disclaimer,≤100
108261885407807,The Fresh Produce Impact Hub,These ads ran without a disclaimer,≤100
107443581752203,Get In Gear,These ads ran without a disclaimer,≤100
100194566291833,The Andy Warthog,These ads ran without a disclaimer,≤100
1883003128429295,Queer Majority,These ads ran without a disclaimer,≤100
1473321922884514,Chińskie Radio Międzynarodowe,These ads ran without a disclaimer,≤100
104444909085222,Glory of Fun,These ads ran without a disclaimer,≤100
101304435646725,Элитная недвижимость в Москве,These ads ran without a disclaimer,≤100
1839471769621785,Av. İsmet Özkara,These ads ran without a disclaimer,≤100
106620807391911,Roche,These ads ran without a disclaimer,≤100
181924628560212,Ekō,These ads ran without a disclaimer,≤100
157035724407357,Ivan Toth Depeña (Studio),These ads ran without a disclaimer,≤100
106708708228342,School of Humanity,These ads ran without a disclaimer,≤100
140010018214626,Moneymade Lifestyle,These ads ran without a disclaimer,≤100
121134828035788,Golden Gate Sports,These ads ran without a disclaimer,≤100
161704781305446,The Spark Company,These ads ran without a disclaimer,≤100
104544309194289,han.fun.bar,These ads ran without a disclaimer,≤100
387072551751623,BichadaJustiça,These ads ran without a disclaimer,≤100
109226401995838,creandomundos_ai,These ads ran without a disclaimer,≤100
108260530929750,RyanDoank,These ads ran without a disclaimer,≤100
112852028335947,Where Are Our People?,These ads ran without a disclaimer,≤100
106030315169173,Photos of houses,These ads ran without a disclaimer,≤100
107257035486242,Airspace World - by CANSO,These ads ran without a disclaimer,≤100
107717471924685,dellasantastudios,These ads ran without a disclaimer,≤100
112749448851,Coca-Cola Europacific Partners,These ads ran without a disclaimer,≤100
102868451477291,Syndio,These ads ran without a disclaimer,≤100
107483498854093,Elkmiss,These ads ran without a disclaimer,≤100
105962808801596,IZZY - Stream Israel,These ads ran without a disclaimer,≤100
135156213769960,منظمة سام للحقوق والحريات,These ads ran without a disclaimer,≤100
226830347447361,NordVPN,These ads ran without a disclaimer,≤100
112714158081101,myrdith,These ads ran without a disclaimer,≤100
101321619554932,Abi Mustapha Art,These ads ran without a disclaimer,≤100
105968126106920,Repreve,These ads ran without a disclaimer,≤100
585524491873140,Drag Me Out,These ads ran without a disclaimer,≤100
107173698926440,Rindiendo en casa,These ads ran without a disclaimer,≤100
101805679198734,Just For You,These ads ran without a disclaimer,≤100
889527467776006,Hoja Nueva,These ads ran without a disclaimer,≤100
11070113987,UW Iceland,These ads ran without a disclaimer,≤100
108638528584681,Rcdoo,These ads ran without a disclaimer,≤100
112831185055172,transparency.lab,These ads ran without a disclaimer,≤100
464182043756316,Hotel Julieta,These ads ran without a disclaimer,≤100
110327527389341,Nalah's queendom,These ads ran without a disclaimer,≤100
724693277719823,Drivepedia,These ads ran without a disclaimer,≤100
104637025890961,New24,These ads ran without a disclaimer,≤100
100846489215390,Cactus Cat,These ads ran without a disclaimer,≤100
104918367555965,The Fun Post,These ads ran without a disclaimer,≤100
723513077749386,Frankskleinergarten.de,These ads ran without a disclaimer,≤100
104159619222941,politicalfreestyles,These ads ran without a disclaimer,≤100
150865164943366,GO Magazine,These ads ran without a disclaimer,≤100
415342655194947,ISB International School Bangkok,These ads ran without a disclaimer,≤100
105326115386676,The New Voice of Ukraine,These ads ran without a disclaimer,≤100
239295866437866,Eagle Natural Resources,These ads ran without a disclaimer,≤100
880922645401876,RWE,These ads ran without a disclaimer,≤100
57322902081,Nottingham Trent University,These ads ran without a disclaimer,≤100
106781341960896,official_rose_khamboukhay,These ads ran without a disclaimer,≤100
101287449469955,Sediq Goran,These ads ran without a disclaimer,≤100
110962101793098,nasimazadi2022,These ads ran without a disclaimer,≤100
105735065616245,SOFAR,These ads ran without a disclaimer,≤100
15713980389,MTV UK,These ads ran without a disclaimer,≤100
6975960973,VMware,These ads ran without a disclaimer,≤100
272518426120009,Futurebuild,These ads ran without a disclaimer,≤100
109467528700076,sapananand,These ads ran without a disclaimer,≤100
156788224389897,University of Toronto Scarborough (UTSC),These ads ran without a disclaimer,≤100
1708788089341925,Polaris Awards,These ads ran without a disclaimer,≤100
272391440246842,Radu Dalas,These ads ran without a disclaimer,≤100