page_name,page_id,party,source,disclaimer,amount_spent_eur,number_of_ads_in_library,party1,party2
ChristenUnie Hoeksche Waard,1000182456818320,ChristenUnie,NA,NA,NA,NA,NA,NA
Bas van 't Wout,100124381382350,VVD,NA,NA,NA,NA,NA,NA
Gijs van Dijk,100291500469490,PvdA,NA,NA,NA,NA,NA,NA
Eppo Bruins,100321288229672,ChristenUnie,NA,NA,NA,NA,NA,NA
SP Amsterdam,100345376686972,SP,NA,NA,NA,NA,NA,NA
Dordtse VVD,101039903379008,VVD,NA,NA,NA,NA,NA,NA
Daan Versteeg,1010657719133320,CDA,NA,NA,NA,NA,NA,NA
VVD Westerkwartier,1011775145585660,VVD,NA,NA,NA,NA,NA,NA
Partij voor de Dieren,102287806490622,PvdD,NA,NA,NA,NA,NA,NA
Politieke Partij Delta,102505038393058,Politieke Partij Delta,NA,NA,NA,NA,NA,NA
Harmen Krul,102702261651304,CDA,NA,NA,NA,NA,NA,NA
PvdA Zwolle,102760393111399,PvdA,NA,NA,NA,NA,NA,NA
GO Realisme & Daadkracht,103244341131787,GO,NA,NA,NA,NA,NA,NA
Maik Barten - Raadslid VVD Geldrop-Mierlo,103278663447730,VVD,NA,NA,NA,NA,NA,NA
GroenLinks Oirschot,103360741627020,GroenLinks,NA,NA,NA,NA,NA,NA
Nieuwe Democratie,103365881571818,Nieuwe Democratie,NA,NA,NA,NA,NA,NA
Wethouder Cees Pille,103992696348691,VVD,NA,NA,NA,NA,NA,NA
Vera Tax,104024417686758,PvdA,NA,NA,NA,NA,NA,NA
Thierry Aartsen,1041897309271360,VVD,NA,NA,NA,NA,NA,NA
Jelle Beemsterboer,105422274685438,CDA,NA,NA,NA,NA,NA,NA
Ja21,106020448037192,Ja21,NA,NA,NA,NA,NA,NA
Marco Eestermans PvdA,106235381376023,PvdA,NA,NA,NA,NA,NA,NA
50plus Tilburg,1069373879746520,50PLUS,NA,NA,NA,NA,NA,NA
CDJA Duin- en Bollenstreek,107407420701832,CDA,NA,NA,NA,NA,NA,NA
VVD Gulpen-Wittem,107610150609555,VVD,NA,NA,NA,NA,NA,NA
ChristenUnie Urk,107794439556152,ChristenUnie,NA,NA,NA,NA,NA,NA
DENK Den Haag,108120604060106,DENK,NA,NA,NA,NA,NA,NA
Eveline Tijmstra,108130921151383,CDA,NA,NA,NA,NA,NA,NA
Bert-Jan Ruissen,108597633942628,SGP,NA,NA,NA,NA,NA,NA
PvdA Waalwijk,108781350908437,PvdA,NA,NA,NA,NA,NA,NA
Burger Belangen Nederland,109233967233458,Burger Belangen Nederland,NA,NA,NA,NA,NA,NA
Sabine Koebrugge,109868597382077,VVD,NA,NA,NA,NA,NA,NA
Politiek Op Maat,110211433868259,Politiek Op Maat,NA,NA,NA,NA,NA,NA
CDA Ommen,1107043432765170,CDA,NA,NA,NA,NA,NA,NA
Volt Deventer,110753764083012,Volt Nederland,NA,NA,NA,NA,NA,NA
Michiel Dijkman Kamerlid Kandidaat #38,111134424085540,CDA,NA,NA,NA,NA,NA,NA
GroenLinks Zuid-Holland,111881632210618,GroenLinks,NA,NA,NA,NA,NA,NA
Jonge Socialisten in de PvdA,112246298811452,PvdA,NA,NA,NA,NA,NA,NA
Liane den Haan,1122985514429410,50PLUS,NA,NA,NA,NA,NA,NA
Omdat ik het verdien,112341377212761,PvdA,NA,NA,NA,NA,NA,NA
Arne Weverling,112714980596832,VVD,NA,NA,NA,NA,NA,NA
D66 Soest-Soesterberg,1129208503774920,D66,NA,NA,NA,NA,NA,NA
Partij van de Arbeid (PvdA),113895885305052,PvdA,NA,NA,NA,NA,NA,NA
VVD IJsselstein,114055275385794,VVD,NA,NA,NA,NA,NA,NA
Joël Voordewind,1142077739171590,ChristenUnie,NA,NA,NA,NA,NA,NA
De Haagse VVD,114631488645360,VVD,NA,NA,NA,NA,NA,NA
VVD Renswoude,115029341980720,VVD,NA,NA,NA,NA,NA,NA
PvdA Roosendaal,115241245317898,PvdA,NA,NA,NA,NA,NA,NA
GroenLinks Rotterdam,116050085145365,GroenLinks,NA,NA,NA,NA,NA,NA
Meerssense VVD,1160701620720060,VVD,NA,NA,NA,NA,NA,NA
GroenLinks Overbetuwe,1166808893329410,GroenLinks,NA,NA,NA,NA,NA,NA
Carla Dik-Faber,1169104093164170,ChristenUnie,NA,NA,NA,NA,NA,NA
VVD Vught-Helvoirt-Cromvoirt,117095328492297,VVD,NA,NA,NA,NA,NA,NA
VVD Halderberge,117128052210675,VVD,NA,NA,NA,NA,NA,NA
VVD Lokaal Netwerk Brussel,117346168281139,VVD,NA,NA,NA,NA,NA,NA
D66 Woerden,117481438306203,D66,NA,NA,NA,NA,NA,NA
VVD Wormerland,1196350273823970,VVD,NA,NA,NA,NA,NA,NA
SP Kerkrade,120767601437627,SP,NA,NA,NA,NA,NA,NA
SP Zutphen/Warnsveld,1207987872568660,SP,NA,NA,NA,NA,NA,NA
VVD,121264564551002,VVD,NA,NA,NA,NA,NA,NA
PvdA Noordoostpolder,1218520171552620,PvdA,NA,NA,NA,NA,NA,NA
Burgemeester Han van Midden,122476232484830,VVD,NA,NA,NA,NA,NA,NA
Partij voor de Dieren Den Haag,122589134531844,PvdD,NA,NA,NA,NA,NA,NA
VVD Gemert-Bakel,1228215290628520,VVD,NA,NA,NA,NA,NA,NA
VVD Venlo,123074804424518,VVD,NA,NA,NA,NA,NA,NA
PvdA Brabant,123604241074923,PvdA,NA,NA,NA,NA,NA,NA
D66 Enschede,123661660977745,D66,NA,NA,NA,NA,NA,NA
Klaas Dijkhoff,124282324250399,VVD,NA,NA,NA,NA,NA,NA
Bert Veenstra - aspirant kandidaat voor Partij van de Arbeid,1245849062154550,PvdA,NA,NA,NA,NA,NA,NA
D66 Aalten-Dinxperlo,1248801595203740,D66,NA,NA,NA,NA,NA,NA
SP Groningen,125382950819455,SP,NA,NA,NA,NA,NA,NA
Libertaire Partij - LP,125663380814227,Libertaire Partij,NA,NA,NA,NA,NA,NA
PVV Sittard-Geleen,1263240523724890,PVV,NA,NA,NA,NA,NA,NA
JOVD Eindhoven,128111953937914,VVD,NA,NA,NA,NA,NA,NA
SP,128393027527,SP,NA,NA,NA,NA,NA,NA
De Utrechtse VVD,128640250574683,VVD,NA,NA,NA,NA,NA,NA
Partij voor de Dieren Zeeland,129568950441577,PvdD,NA,NA,NA,NA,NA,NA
D66 Eemsdelta,130487254323668,D66,NA,NA,NA,NA,NA,NA
JFVD,1310158545730620,FvD,NA,NA,NA,NA,NA,NA
D66 's-Hertogenbosch,131158970298702,D66,NA,NA,NA,NA,NA,NA
Daniel Koerhuis,1312513348824130,VVD,NA,NA,NA,NA,NA,NA
GroenLinks Den Haag,133610523380150,GroenLinks,NA,NA,NA,NA,NA,NA
D66 Oisterwijk,1345685305522860,D66,NA,NA,NA,NA,NA,NA
CDA Terneuzen,134845486657988,CDA,NA,NA,NA,NA,NA,NA
SGP-jongeren,134898129893433,SGP,NA,NA,NA,NA,NA,NA
CDA Katwijk,135376383177889,CDA,NA,NA,NA,NA,NA,NA
Arnout van den Bosch - Raadslid PvdA Amstelveen,135501903830947,PvdA,NA,NA,NA,NA,NA,NA
"CDJA, CDA-jongeren",135642563196256,CDA,NA,NA,NA,NA,NA,NA
VVD Harderwijk-Hierden,135925936464418,VVD,NA,NA,NA,NA,NA,NA
SP Rotterdam,136653320218,SP,NA,NA,NA,NA,NA,NA
D66 Lingewaard,1377280262539840,D66,NA,NA,NA,NA,NA,NA
Raoul Boucke,1378051212479420,D66,NA,NA,NA,NA,NA,NA
Pvda Lingewaard,1380763172182210,PvdA,NA,NA,NA,NA,NA,NA
Agnes Mulder,138208102983774,CDA,NA,NA,NA,NA,NA,NA
PvdA Vlaardingen,1383104228576990,PvdA,NA,NA,NA,NA,NA,NA
Thom de Vries D66,138401470173379,D66,NA,NA,NA,NA,NA,NA
PvdA Tilburg,1389317844656910,PvdA,NA,NA,NA,NA,NA,NA
PvdA Nijmegen,1393529407559070,PvdA,NA,NA,NA,NA,NA,NA
PvdA Winterswijk,1393972554182060,PvdA,NA,NA,NA,NA,NA,NA
JOVD Amsterdam e.o.,140197449380734,VVD,NA,NA,NA,NA,NA,NA
Pvda Rijswijk,140205082843346,PvdA,NA,NA,NA,NA,NA,NA
Christenunie Hardenberg,1407071029524550,ChristenUnie,NA,NA,NA,NA,NA,NA
GroenLinks Helmond,1411283215766690,GroenLinks,NA,NA,NA,NA,NA,NA
PvdA Goes,1412530858983760,PvdA,NA,NA,NA,NA,NA,NA
GroenLinks Alkmaar,1414350562183210,GroenLinks,NA,NA,NA,NA,NA,NA
CDA Ermelo,1417520661873950,CDA,NA,NA,NA,NA,NA,NA
De Deurnese VVD,1422274718011010,VVD,NA,NA,NA,NA,NA,NA
PvdA Valkenswaard,1422889834673370,PvdA,NA,NA,NA,NA,NA,NA
NIDA,1438054859744080,NIDA,NA,NA,NA,NA,NA,NA
JOVD Utrecht e.o.,143965825711068,VVD,NA,NA,NA,NA,NA,NA
Wethouder Robert van Asten,1440785062866880,D66,NA,NA,NA,NA,NA,NA
SP Haarlem,1441662002729820,SP,NA,NA,NA,NA,NA,NA
PvdA Amersfoort,144728552295443,PvdA,NA,NA,NA,NA,NA,NA
VVD Leiden,145751698819583,VVD,NA,NA,NA,NA,NA,NA
Volt Nederland,146644665960101,Volt Nederland,NA,NA,NA,NA,NA,NA
Jos van Ginneken,146649939174312,CDA,NA,NA,NA,NA,NA,NA
D66 Zeeland,146790238829202,D66,NA,NA,NA,NA,NA,NA
SGP Urk,1475272182780530,SGP,NA,NA,NA,NA,NA,NA
D66 Leiden,147722648491,D66,NA,NA,NA,NA,NA,NA
Gert-Jan Segers,147772805659767,ChristenUnie,NA,NA,NA,NA,NA,NA
VVD Heemskerk,148005128902583,VVD,NA,NA,NA,NA,NA,NA
Ingrid van Wifferen,148530589219712,D66,NA,NA,NA,NA,NA,NA
Lelystad SGP,1502902726692280,SGP,NA,NA,NA,NA,NA,NA
Partij van de Arbeid PvdA Midden-Groningen,1510532972292650,PvdA,NA,NA,NA,NA,NA,NA
CDA Heemskerk,1512067898874080,CDA,NA,NA,NA,NA,NA,NA
CDA Sint-Michielsgestel,151541561675000,CDA,NA,NA,NA,NA,NA,NA
SGP Goeree-Overflakkee,151766691678928,SGP,NA,NA,NA,NA,NA,NA
FVD Amsterdam,1519997944789250,FvD,NA,NA,NA,NA,NA,NA
De Amsterdamse VVD,152313778157632,VVD,NA,NA,NA,NA,NA,NA
CDA Zuid-Holland,1523833891223460,CDA,NA,NA,NA,NA,NA,NA
Wetenschappelijk Instituut ChristenUnie,152432188110990,ChristenUnie,NA,NA,NA,NA,NA,NA
GroenLinks Berg en Dal,153189941370381,GroenLinks,NA,NA,NA,NA,NA,NA
Jonge Democraten,153357044722038,D66,NA,NA,NA,NA,NA,NA
D66 Overijssel,153430294762818,D66,NA,NA,NA,NA,NA,NA
Partij voor de Dieren Noord-Brabant,153434794680208,PvdD,NA,NA,NA,NA,NA,NA
VVD Altena,1543542572602850,VVD,NA,NA,NA,NA,NA,NA
De Rotterdamse VVD,154456451319810,VVD,NA,NA,NA,NA,NA,NA
Groenlinks Schagen,154736434721703,GroenLinks,NA,NA,NA,NA,NA,NA
DENK,1550088745275910,DENK,NA,NA,NA,NA,NA,NA
PvdA Waalwijk,1551637291831660,PvdA,NA,NA,NA,NA,NA,NA
Wethouder Klaas Valkering,1555448837895990,CDA,NA,NA,NA,NA,NA,NA
CDA Zaanstad,1557210341199530,CDA,NA,NA,NA,NA,NA,NA
D66 Den Haag,155758593317,D66,NA,NA,NA,NA,NA,NA
CDA Provincie Utrecht,1559225897625340,CDA,NA,NA,NA,NA,NA,NA
VVD Oisterwijk,155956504541781,VVD,NA,NA,NA,NA,NA,NA
VVD Waterschap Limburg,1563699950578930,VVD,NA,NA,NA,NA,NA,NA
PVV Lelystad,156993281594555,PVV,NA,NA,NA,NA,NA,NA
VVD Gennep,157342181127991,VVD,NA,NA,NA,NA,NA,NA
Wiardi Beckman Stichting,157600177601312,PvdA,NA,NA,NA,NA,NA,NA
ChristenUnie Zeeland,157671251089913,ChristenUnie,NA,NA,NA,NA,NA,NA
CDA Harderwijk Hierden,1595248250741420,CDA,NA,NA,NA,NA,NA,NA
Harry van der Molen,1598361623791980,CDA,NA,NA,NA,NA,NA,NA
D66 Haarlemmermeer,160222337386850,D66,NA,NA,NA,NA,NA,NA
Michael Kalthoff,160231627962186,D66,NA,NA,NA,NA,NA,NA
VVD Olst-Wijhe,160488060781842,VVD,NA,NA,NA,NA,NA,NA
VVD Zoetermeer,162212757160066,VVD,NA,NA,NA,NA,NA,NA
Forum voor Democratie Zeeland,1631684917126240,FvD,NA,NA,NA,NA,NA,NA
Jonge Democraten Amsterdam,163556367006942,D66,NA,NA,NA,NA,NA,NA
CDA Midden-Groningen,1649013595380040,CDA,NA,NA,NA,NA,NA,NA
Marie-José de Bruijn Raadslid Gemeente Beek,1662148977224700,CDA,NA,NA,NA,NA,NA,NA
PvdA Het Hogeland,1663807260315460,PvdA,NA,NA,NA,NA,NA,NA
SP Winterswijk,166722416859309,SP,NA,NA,NA,NA,NA,NA
D66Velsen,167333296705784,D66,NA,NA,NA,NA,NA,NA
VVD Helmond,167597420073347,VVD,NA,NA,NA,NA,NA,NA
Piratenpartij Utrecht - PPU,167833720446018,Piratenpartij,NA,NA,NA,NA,NA,NA
GroenLinks Dordrecht,168582430001649,GroenLinks,NA,NA,NA,NA,NA,NA
VVD Haarlem,169065999840857,VVD,NA,NA,NA,NA,NA,NA
ChristenUnie Rijssen-Holten,169693763207431,ChristenUnie,NA,NA,NA,NA,NA,NA
VVD Bunnik,169783746552665,VVD,NA,NA,NA,NA,NA,NA
PvdA Amsterdam,170060616402275,PvdA,NA,NA,NA,NA,NA,NA
Michel Rog,1701977273392330,CDA,NA,NA,NA,NA,NA,NA
Koggenlandse VVD,170320339747730,VVD,NA,NA,NA,NA,NA,NA
Rotterdam BIJ1,170469190212212,BIJ1,NA,NA,NA,NA,NA,NA
Raymond Knops,1705660683039800,CDA,NA,NA,NA,NA,NA,NA
PvdA Stichtse Vecht,1715340175444650,PvdA,NA,NA,NA,NA,NA,NA
D66 Delft,171999852960244,D66,NA,NA,NA,NA,NA,NA
Liberale Partij Maastricht,1725464544369370,Libertaire Partij,NA,NA,NA,NA,NA,NA
Maurits von Martels CDA,1727815447535720,CDA,NA,NA,NA,NA,NA,NA
D66 Noord-Beveland,1729913110668530,D66,NA,NA,NA,NA,NA,NA
Jolanda van Gool PvdA073,1734008883285300,PvdA,NA,NA,NA,NA,NA,NA
Malik Azmani,1734459723547460,VVD,NA,NA,NA,NA,NA,NA
VVD Maasland,1743766155846130,VVD,NA,NA,NA,NA,NA,NA
GroenLinks Edam-Volendam,174522982750697,GroenLinks,NA,NA,NA,NA,NA,NA
GroenLinks Midden-Groningen,1745762299021140,GroenLinks,NA,NA,NA,NA,NA,NA
Partij voor de Dieren Almere,1746352698711500,PvdD,NA,NA,NA,NA,NA,NA
Alkmaarse VVD,174727955895958,VVD,NA,NA,NA,NA,NA,NA
Arjan de Vries,174891033059631,PvdA,NA,NA,NA,NA,NA,NA
D66 Goes,1750415495212070,D66,NA,NA,NA,NA,NA,NA
Marius Wiegman,175250373219599,VVD,NA,NA,NA,NA,NA,NA
CDA Den Haag,175658419295023,CDA,NA,NA,NA,NA,NA,NA
GroenLinks,175740570505,GroenLinks,NA,NA,NA,NA,NA,NA
Burgemeester Michiel Pijl,1771461669799660,CDA,NA,NA,NA,NA,NA,NA
CDA Smallingerland,1787602688161420,CDA,NA,NA,NA,NA,NA,NA
VVD Rhenen,1788767758074480,VVD,NA,NA,NA,NA,NA,NA
René Peters,1791229601140640,CDA,NA,NA,NA,NA,NA,NA
GroenLinks Veenendaal,180322962326,GroenLinks,NA,NA,NA,NA,NA,NA
Partij voor de Dieren Alkmaar,1803486813232260,PvdD,NA,NA,NA,NA,NA,NA
Jonge Democraten Leiden - Haaglanden (JD),180992861938464,D66,NA,NA,NA,NA,NA,NA
GroenLinks Groningen,181031342395,GroenLinks,NA,NA,NA,NA,NA,NA
VVD-Woudenberg,183495805173455,VVD,NA,NA,NA,NA,NA,NA
Almeerse VVD,183538275059926,VVD,NA,NA,NA,NA,NA,NA
Rudmer Heerema,1839041743042730,VVD,NA,NA,NA,NA,NA,NA
CDA Hoeksche Waard,184189882389473,CDA,NA,NA,NA,NA,NA,NA
Joba van den Berg,1844392342447690,CDA,NA,NA,NA,NA,NA,NA
PVV Hengelo,185988911871870,PVV,NA,NA,NA,NA,NA,NA
Mustafa Amhaouch,1862580210628900,CDA,NA,NA,NA,NA,NA,NA
D66 Almere,186370224739032,D66,NA,NA,NA,NA,NA,NA
Pvda Beesel-Reuver,186407568165708,PvdA,NA,NA,NA,NA,NA,NA
VVD Zwartewaterland,187680031329594,VVD,NA,NA,NA,NA,NA,NA
Pvda Hof van Twente,187885148045634,PvdA,NA,NA,NA,NA,NA,NA
David Bosch - PVV Utrecht,190051308416101,PVV,NA,NA,NA,NA,NA,NA
PINK Limburg,1901080366774590,PvdD,NA,NA,NA,NA,NA,NA
PvdA Haarlemmermeer,190173454467936,PvdA,NA,NA,NA,NA,NA,NA
PvdA Den Haag,190869220945975,PvdA,NA,NA,NA,NA,NA,NA
DWARS Wageningen Oud/Inactief,192028604154756,GroenLinks,NA,NA,NA,NA,NA,NA
CDA Harlingen,192600774817587,CDA,NA,NA,NA,NA,NA,NA
Jan Hopstaken Raadslid,192705081300674,PvdA,NA,NA,NA,NA,NA,NA
CDA Neder-Betuwe,193223164173865,CDA,NA,NA,NA,NA,NA,NA
ChristenUnie Molenlanden,1938971373084050,ChristenUnie,NA,NA,NA,NA,NA,NA
GroenLinks Aa en Hunze,1940934655935970,GroenLinks,NA,NA,NA,NA,NA,NA
VVD Zwolle,194216524014233,VVD,NA,NA,NA,NA,NA,NA
Bossche VVD,194900893890599,VVD,NA,NA,NA,NA,NA,NA
CDA Urk,195220513824326,CDA,NA,NA,NA,NA,NA,NA
CDA Woudenberg,196310430554710,CDA,NA,NA,NA,NA,NA,NA
VVD De Bilt,196419123885680,VVD,NA,NA,NA,NA,NA,NA
Wetenschappelijk Instituut Statera,1965306773723580,DENK,NA,NA,NA,NA,NA,NA
PVV Stichtse Vecht,1967914100151470,PVV,NA,NA,NA,NA,NA,NA
D66 Beekdaelen,1970145503263770,D66,NA,NA,NA,NA,NA,NA
De Woerdense VVD,197238087060916,VVD,NA,NA,NA,NA,NA,NA
D66 Rotterdam,197240740326073,D66,NA,NA,NA,NA,NA,NA
VVD Heumen,197435423736962,VVD,NA,NA,NA,NA,NA,NA
VVD Wassenaar,197515056951719,VVD,NA,NA,NA,NA,NA,NA
PvdA Europa,199340240080632,PvdA,NA,NA,NA,NA,NA,NA
CDA Doetinchem,199385600271549,CDA,NA,NA,NA,NA,NA,NA
PvdA Sluis,1995851374019790,PvdA,NA,NA,NA,NA,NA,NA
JOVD 's-Hertogenbosch e.o.,200799316690979,VVD,NA,NA,NA,NA,NA,NA
VVD Roosendaal,201138969999107,VVD,NA,NA,NA,NA,NA,NA
D66 Nederweert,201175180237864,D66,NA,NA,NA,NA,NA,NA
D66 Waalre,201821126683232,D66,NA,NA,NA,NA,NA,NA
Wopke Hoekstra,2018408465106870,CDA,NA,NA,NA,NA,NA,NA
Geert Wilders,202064936858448,PVV,NA,NA,NA,NA,NA,NA
CDA Hattem,202773499768178,CDA,NA,NA,NA,NA,NA,NA
VVD Purmerend,204112443050641,VVD,NA,NA,NA,NA,NA,NA
VVD De Fryske Marren,204113719762337,VVD,NA,NA,NA,NA,NA,NA
ChristenUnie West Betuwe,205242676331332,ChristenUnie,NA,NA,NA,NA,NA,NA
JOVD Flevoland,205880866133496,VVD,NA,NA,NA,NA,NA,NA
Esther de Lange,206205079489175,CDA,NA,NA,NA,NA,NA,NA
CDA Overijssel,206932742776182,CDA,NA,NA,NA,NA,NA,NA
PvdA Midden-Delfland,206998282815876,PvdA,NA,NA,NA,NA,NA,NA
Paul Tang,208020512703248,PvdA,NA,NA,NA,NA,NA,NA
PvdA Groningen,208032132579030,PvdA,NA,NA,NA,NA,NA,NA
SGP-jongeren CK,208182482974377,SGP,NA,NA,NA,NA,NA,NA
D66 Heusden,208483356011488,D66,NA,NA,NA,NA,NA,NA
Bas Eickhout,208578955894331,GroenLinks,NA,NA,NA,NA,NA,NA
Bas de Wit,2089589647982370,VVD,NA,NA,NA,NA,NA,NA
D66Voerendaal,209004852638957,D66,NA,NA,NA,NA,NA,NA
D66 Uitgeest,209381922872,D66,NA,NA,NA,NA,NA,NA
"PerspectieF, ChristenUnie-jongeren",209648345740233,ChristenUnie,NA,NA,NA,NA,NA,NA
CDA Uithoorn - De Kwakel,209971895842485,CDA,NA,NA,NA,NA,NA,NA
Wethouder Haydar Erol,211016109549003,GroenLinks,NA,NA,NA,NA,NA,NA
Catharina Rinzema,2114625695290780,VVD,NA,NA,NA,NA,NA,NA
CDA.sonenbreugel,211527752371216,CDA,NA,NA,NA,NA,NA,NA
ChristenUnie,211661062254003,ChristenUnie,NA,NA,NA,NA,NA,NA
Jaco Geurts,211966142554381,CDA,NA,NA,NA,NA,NA,NA
CDA Stede Broec,213849225325847,CDA,NA,NA,NA,NA,NA,NA
VVD Raalte,215048268616589,VVD,NA,NA,NA,NA,NA,NA
Partij voor de Dieren Limburg,217567158255542,PvdD,NA,NA,NA,NA,NA,NA
50PLUS Gelderland,218046225000851,50PLUS,NA,NA,NA,NA,NA,NA
VVD Apeldoorn,218454524993606,VVD,NA,NA,NA,NA,NA,NA
ChristenUnie Harderwijk/Hierden,219046481529214,ChristenUnie,NA,NA,NA,NA,NA,NA
Benni Leemhuis,219151244837835,GroenLinks,NA,NA,NA,NA,NA,NA
PvdA Kerkrade,220138834728873,PvdA,NA,NA,NA,NA,NA,NA
CDA Sluis,220440588148776,CDA,NA,NA,NA,NA,NA,NA
VVD Almelo,222078441181157,VVD,NA,NA,NA,NA,NA,NA
VVD Nijmegen,225044264301061,VVD,NA,NA,NA,NA,NA,NA
D66 Groningen,225922380838567,D66,NA,NA,NA,NA,NA,NA
Stefan Mees,2266283526750050,VVD,NA,NA,NA,NA,NA,NA
GroenLinks Flevoland,227891484046459,GroenLinks,NA,NA,NA,NA,NA,NA
D66 Leudal,228095397350613,D66,NA,NA,NA,NA,NA,NA
Tom Berendsen,2301184920146130,CDA,NA,NA,NA,NA,NA,NA
PvdA Hollands Kroon,230610190325538,PvdA,NA,NA,NA,NA,NA,NA
Kim van Sparrentak,2326697260991620,GroenLinks,NA,NA,NA,NA,NA,NA
VVD Montfoort,233207220184530,VVD,NA,NA,NA,NA,NA,NA
De Nederweerter VVD,233854086775969,VVD,NA,NA,NA,NA,NA,NA
PvdA Haren,234858363335659,PvdA,NA,NA,NA,NA,NA,NA
D66 Haarlem,235718236590845,D66,NA,NA,NA,NA,NA,NA
Jan Middendorp,236051590173019,VVD,NA,NA,NA,NA,NA,NA
Chris van Dam,237429380031891,CDA,NA,NA,NA,NA,NA,NA
CDA Asten,238075096364508,CDA,NA,NA,NA,NA,NA,NA
GroenLinks Westerkwartier,241078299830628,GroenLinks,NA,NA,NA,NA,NA,NA
ChristenUnie Ede,242128959237930,ChristenUnie,NA,NA,NA,NA,NA,NA
Jonge Democraten Rotterdam,242841979083905,D66,NA,NA,NA,NA,NA,NA
VVD Utrechtse Heuvelrug,243926369062604,VVD,NA,NA,NA,NA,NA,NA
VVD Opsterland,244357102562650,VVD,NA,NA,NA,NA,NA,NA
Leon de Lange - wethouder,246666169164239,D66,NA,NA,NA,NA,NA,NA
De Weerter VVD,248861831896013,VVD,NA,NA,NA,NA,NA,NA
GroenLinks Arnhem,250437457508,GroenLinks,NA,NA,NA,NA,NA,NA
CDA-Hilversum,251158461698171,CDA,NA,NA,NA,NA,NA,NA
SGP Jongeren Vallei & Rijn,251558268238889,SGP,NA,NA,NA,NA,NA,NA
SP Deventer,252299414886741,SP,NA,NA,NA,NA,NA,NA
Kati Piri,254626848046622,PvdA,NA,NA,NA,NA,NA,NA
VVD Culemborg,254680748075982,VVD,NA,NA,NA,NA,NA,NA
Lodewijk Asscher,254918764596191,PvdA,NA,NA,NA,NA,NA,NA
De Oldenzaalse VVD,257508240969596,VVD,NA,NA,NA,NA,NA,NA
D66 Tilburg,259119013936,D66,NA,NA,NA,NA,NA,NA
Lokaal CDA gemeente Epe,259622384190321,CDA,NA,NA,NA,NA,NA,NA
CDA Opsterland,260653317801997,CDA,NA,NA,NA,NA,NA,NA
De Heerhugowaardse VVD,261116077361193,VVD,NA,NA,NA,NA,NA,NA
Jeroen Recourt,261344514299889,PvdA,NA,NA,NA,NA,NA,NA
SGP Krimpen aan den IJssel,261891187284177,SGP,NA,NA,NA,NA,NA,NA
CDA Wijchen,262802337226392,CDA,NA,NA,NA,NA,NA,NA
Wethouder Johannes Goossen,267091170462122,CDA,NA,NA,NA,NA,NA,NA
D66 Westfriesland,267847256626886,D66,NA,NA,NA,NA,NA,NA
GroenLinks Leidschendam-Voorburg,270050976436396,GroenLinks,NA,NA,NA,NA,NA,NA
D66 Utrecht,272033265993,D66,NA,NA,NA,NA,NA,NA
VVD Tilburg,272230419490546,VVD,NA,NA,NA,NA,NA,NA
GroenLinks Sint-Michielsgestel,275546039601538,GroenLinks,NA,NA,NA,NA,NA,NA
VVD Oldambt,276491789134449,VVD,NA,NA,NA,NA,NA,NA
SP Leiden,277015828628,SP,NA,NA,NA,NA,NA,NA
ChristenUnie Amsterdam,282108071911694,ChristenUnie,NA,NA,NA,NA,NA,NA
VVD Noord-Holland,286480434837730,VVD,NA,NA,NA,NA,NA,NA
PvdA Leiden,286855144753205,PvdA,NA,NA,NA,NA,NA,NA
SP Breda,289522761094912,SP,NA,NA,NA,NA,NA,NA
Partij voor de Dieren Noord-Holland,290134957713451,PvdD,NA,NA,NA,NA,NA,NA
Mohammed Chahim,290597421719639,PvdA,NA,NA,NA,NA,NA,NA
D66 Amsterdam,290810577595982,D66,NA,NA,NA,NA,NA,NA
Burgemeester Huub Hieltjes,292042270961963,VVD,NA,NA,NA,NA,NA,NA
D66 Venlo,293145967399764,D66,NA,NA,NA,NA,NA,NA
PVV Fryslan,294901587336825,PVV,NA,NA,NA,NA,NA,NA
Judith Sargentini,296489277060163,GroenLinks,NA,NA,NA,NA,NA,NA
SP Den Haag,305271288472,SP,NA,NA,NA,NA,NA,NA
CDA Maastricht,305525042814385,CDA,NA,NA,NA,NA,NA,NA
VVD Goeree-Overflakkee,305812906126532,VVD,NA,NA,NA,NA,NA,NA
D66 Vught-Helvoirt-Cromvoirt,305998839508251,D66,NA,NA,NA,NA,NA,NA
FVD Noord-Brabant,306407210253856,FvD,NA,NA,NA,NA,NA,NA
PvdA Reusel De Mierden,306810719374111,PvdA,NA,NA,NA,NA,NA,NA
Forum voor Democratie Noord-Holland -FVD,309140246675079,FvD,NA,NA,NA,NA,NA,NA
Gestelse VVD,315095378608398,VVD,NA,NA,NA,NA,NA,NA
PvdA Borger-Odoorn,316719818346344,PvdA,NA,NA,NA,NA,NA,NA
Jeroen Lenaers,316960281776479,CDA,NA,NA,NA,NA,NA,NA
ChristenUnie Amersfoort,317349971611583,ChristenUnie,NA,NA,NA,NA,NA,NA
Jonge Democraten Limburg,318076088223165,D66,NA,NA,NA,NA,NA,NA
VVD Soest/Soesterberg,318840268197219,VVD,NA,NA,NA,NA,NA,NA
SGP Staphorst,319519798445256,SGP,NA,NA,NA,NA,NA,NA
CDA,320374518118,CDA,NA,NA,NA,NA,NA,NA
Pvda Krimpen,320593364806627,PvdA,NA,NA,NA,NA,NA,NA
CDA Eemsdelta,321817418536017,CDA,NA,NA,NA,NA,NA,NA
CDA Doesburg,323069454456751,CDA,NA,NA,NA,NA,NA,NA
D66 Losser,323187547697177,D66,NA,NA,NA,NA,NA,NA
GroenLinks 's-Hertogenbosch,325974597457192,GroenLinks,NA,NA,NA,NA,NA,NA
VVD Geldrop-Mierlo,325990707510508,VVD,NA,NA,NA,NA,NA,NA
JOVD Twente,326639394104734,VVD,NA,NA,NA,NA,NA,NA
CDA Zeeland,327605354041024,CDA,NA,NA,NA,NA,NA,NA
SP Roermond,330274643781669,SP,NA,NA,NA,NA,NA,NA
PvdA Provincie Groningen,330384780486845,PvdA,NA,NA,NA,NA,NA,NA
Limburgse VVD,333726830018322,VVD,NA,NA,NA,NA,NA,NA
GroenLinks Leiden,334224188495,GroenLinks,NA,NA,NA,NA,NA,NA
Hugo de Jonge,337991513008675,CDA,NA,NA,NA,NA,NA,NA
SP Veenendaal,339241753098101,SP,NA,NA,NA,NA,NA,NA
VVDZeist,339859456128700,VVD,NA,NA,NA,NA,NA,NA
CDA Goirle Riel,339932172815655,CDA,NA,NA,NA,NA,NA,NA
PvdA Rotterdam,340871992590484,PvdA,NA,NA,NA,NA,NA,NA
VVD Middelburg,341298732915644,VVD,NA,NA,NA,NA,NA,NA
Jorn Lok - VVD Zutphen,341800552897219,VVD,NA,NA,NA,NA,NA,NA
VVD Schiedam,342564449464162,VVD,NA,NA,NA,NA,NA,NA
CDA Veenendaal,343995085744200,CDA,NA,NA,NA,NA,NA,NA
Dennis Wiersma,344926199223477,VVD,NA,NA,NA,NA,NA,NA
VVD Emmen,346093205489554,VVD,NA,NA,NA,NA,NA,NA
VVD Bunschoten,346704992122344,VVD,NA,NA,NA,NA,NA,NA
50PLUSpartij,347623668624706,50PLUS,NA,NA,NA,NA,NA,NA
Wouter Versluijs,348378576067592,D66,NA,NA,NA,NA,NA,NA
CDA Utrecht,348600985220459,CDA,NA,NA,NA,NA,NA,NA
Richard de Mos,355078465348642,Code Oranje,NA,NA,NA,NA,NA,NA
John Kerstens PvdA,355829394541247,PvdA,NA,NA,NA,NA,NA,NA
Reinier Van Lanschot,357170858429968,Volt Nederland,NA,NA,NA,NA,NA,NA
Vlaardingse VVD,358414441297967,VVD,NA,NA,NA,NA,NA,NA
D66 Bommelerwaard,359300587500364,D66,NA,NA,NA,NA,NA,NA
VVD Smallingerland,360950014036006,VVD,NA,NA,NA,NA,NA,NA
Renaissance Instituut,361557387694730,FvD,NA,NA,NA,NA,NA,NA
PvdA Heumen,366349027034383,PvdA,NA,NA,NA,NA,NA,NA
PvdA Krimpenerwaard,366912353386282,PvdA,NA,NA,NA,NA,NA,NA
VVD Scherpenzeel,367174533369302,VVD,NA,NA,NA,NA,NA,NA
PvdA Haarlem,374461422625101,PvdA,NA,NA,NA,NA,NA,NA
Samira Rafaela,379083586253587,D66,NA,NA,NA,NA,NA,NA
Thierry Baudet,379837259062033,FvD,NA,NA,NA,NA,NA,NA
GroenLinks Nijmegen,383355255040336,GroenLinks,NA,NA,NA,NA,NA,NA
ChristenUnie Ommen,384737181678824,ChristenUnie,NA,NA,NA,NA,NA,NA
Sgp Kampen,385564664900332,SGP,NA,NA,NA,NA,NA,NA
PVV Utrecht,385625301862587,PVV,NA,NA,NA,NA,NA,NA
GroenLinks Sittard-Geleen,386396184818902,GroenLinks,NA,NA,NA,NA,NA,NA
PAL GroenLinks,387703957918671,GroenLinks,NA,NA,NA,NA,NA,NA
DWARS Rotterdam-Rijnmond,391481867673026,GroenLinks,NA,NA,NA,NA,NA,NA
VVD Breda,394219543964508,VVD,NA,NA,NA,NA,NA,NA
ChristenUnie Eemsdelta,394558224722257,ChristenUnie,NA,NA,NA,NA,NA,NA
CDA Vijfheerenlanden,397283743670490,CDA,NA,NA,NA,NA,NA,NA
ChristenUnie Zwolle,402039413225497,ChristenUnie,NA,NA,NA,NA,NA,NA
ChristenUnie Flevoland,403943403087425,ChristenUnie,NA,NA,NA,NA,NA,NA
Madeleine van Toorenburg,404443543059212,CDA,NA,NA,NA,NA,NA,NA
Jonge Democraten Brabant,406312749428070,D66,NA,NA,NA,NA,NA,NA
Julian Bushoff,408189122964674,PvdA,NA,NA,NA,NA,NA,NA
SP Arnhem,408987755826785,SP,NA,NA,NA,NA,NA,NA
CDA Barneveld,409371815837560,CDA,NA,NA,NA,NA,NA,NA
Lara Wolters,412036619614117,PvdA,NA,NA,NA,NA,NA,NA
PvdA-Hoorn,418227798205443,PvdA,NA,NA,NA,NA,NA,NA
CDA Aalten-Dinxperlo,418727481496257,CDA,NA,NA,NA,NA,NA,NA
VVD Hilversum,423071014421919,VVD,NA,NA,NA,NA,NA,NA
PvdA Nissewaard,423624667726498,PvdA,NA,NA,NA,NA,NA,NA
GroenLinks Venlo,428488197166010,GroenLinks,NA,NA,NA,NA,NA,NA
CDA Lansingerland,429679917098992,CDA,NA,NA,NA,NA,NA,NA
CDA Vught Helvoirt Cromvoirt,430597160607656,CDA,NA,NA,NA,NA,NA,NA
Jongerenbeweging Oppositie,432294193627700,DENK,NA,NA,NA,NA,NA,NA
Jonge Democraten Wageningen,433064853551671,D66,NA,NA,NA,NA,NA,NA
SGP,433611050005553,SGP,NA,NA,NA,NA,NA,NA
GroenLinks Oosterhout,434409393299952,GroenLinks,NA,NA,NA,NA,NA,NA
GroenLinks Alphen aan den Rijn,434756543235602,GroenLinks,NA,NA,NA,NA,NA,NA
Toine Manders,435867793202351,CDA,NA,NA,NA,NA,NA,NA
PvdA Enschede,436001856449324,PvdA,NA,NA,NA,NA,NA,NA
CDA Gouda,441341285986856,CDA,NA,NA,NA,NA,NA,NA
Zùmmers Belang CDA,445945465509986,CDA,NA,NA,NA,NA,NA,NA
CDA Lisse,449134611796644,CDA,NA,NA,NA,NA,NA,NA
De Boxtelse VVD,449240315186621,VVD,NA,NA,NA,NA,NA,NA
PVV Gelderland,449928585192308,PVV,NA,NA,NA,NA,NA,NA
PvdA Utrecht,451407014874001,PvdA,NA,NA,NA,NA,NA,NA
VVD Lelystad,453689644643513,VVD,NA,NA,NA,NA,NA,NA
SP Doesburg,454775281239898,SP,NA,NA,NA,NA,NA,NA
VVD Nijkerk-Hoevelaken,457506067621492,VVD,NA,NA,NA,NA,NA,NA
D66 Dijk en Waard,458832407560387,D66,NA,NA,NA,NA,NA,NA
Jonge Democraten Arnhem-Nijmegen,460264454006488,D66,NA,NA,NA,NA,NA,NA
CDA Dongen - 's Gravenmoer,461778550537027,CDA,NA,NA,NA,NA,NA,NA
D66 Bloemendaal,466120763493964,D66,NA,NA,NA,NA,NA,NA
VVD Alphen a/d Rijn,473422542679870,VVD,NA,NA,NA,NA,NA,NA
PvdA Geldrop-Mierlo,476345199077535,PvdA,NA,NA,NA,NA,NA,NA
Partij van de Arbeid Zaanstad,476388839115117,PvdA,NA,NA,NA,NA,NA,NA
VVD Landgraaf,476759392439445,VVD,NA,NA,NA,NA,NA,NA
Jonge Democraten Groningen,479111832122162,D66,NA,NA,NA,NA,NA,NA
CDA Pride,480488435784054,CDA,NA,NA,NA,NA,NA,NA
D66 Gennep,483088901801643,D66,NA,NA,NA,NA,NA,NA
CDA Barendrecht,483478691758983,CDA,NA,NA,NA,NA,NA,NA
DWARS Utrecht,484344661624749,GroenLinks,NA,NA,NA,NA,NA,NA
JOVD Rijk van Nijmegen c.a.,489466991169762,VVD,NA,NA,NA,NA,NA,NA
SP Vlaardingen,490557484330937,SP,NA,NA,NA,NA,NA,NA
CDA Zoeterwoude,495077074013552,CDA,NA,NA,NA,NA,NA,NA
SP Goirle,497053027078764,SP,NA,NA,NA,NA,NA,NA
VVD Leidschendam-Voorburg,498944610134140,VVD,NA,NA,NA,NA,NA,NA
JOVD Hart van Brabant,499191090115233,VVD,NA,NA,NA,NA,NA,NA
VVD Stede Broec,504176193038156,VVD,NA,NA,NA,NA,NA,NA
PvdA Almelo,508079819307153,PvdA,NA,NA,NA,NA,NA,NA
D66 Heerlen,509188269199628,D66,NA,NA,NA,NA,NA,NA
Pieter Paul Slikker - PvdA 073,509675125832784,PvdA,NA,NA,NA,NA,NA,NA
SGP Utrechtse Heuvelrug,510879102598586,SGP,NA,NA,NA,NA,NA,NA
Anne-Marijke Podt Kandidaat Tweede Kamer D66,515445868547714,D66,NA,NA,NA,NA,NA,NA
PvdA Amstelveen,516828615098303,PvdA,NA,NA,NA,NA,NA,NA
VVD Losser,521653237872282,VVD,NA,NA,NA,NA,NA,NA
Groenlinks Kampen,521898577941258,GroenLinks,NA,NA,NA,NA,NA,NA
Partij voor de Dieren Dronten,522244664875827,PvdD,NA,NA,NA,NA,NA,NA
PvdA Almere,522603781144544,PvdA,NA,NA,NA,NA,NA,NA
VVD Rijswijk,529757857120942,VVD,NA,NA,NA,NA,NA,NA
D66,52985377549,D66,NA,NA,NA,NA,NA,NA
Partij voor de vrijheid - Veenendaal,530225947335941,PVV,NA,NA,NA,NA,NA,NA
CDA Amsterdam,535450106537661,CDA,NA,NA,NA,NA,NA,NA
Annie Schreijer,536131049841051,CDA,NA,NA,NA,NA,NA,NA
VVD Het Hogeland,542359679187058,VVD,NA,NA,NA,NA,NA,NA
Partij van de Arbeid Woensdrecht,547661161996857,PvdA,NA,NA,NA,NA,NA,NA
GroenLinks Oss,550239991805691,GroenLinks,NA,NA,NA,NA,NA,NA
D66 Middelburg,551955401505079,D66,NA,NA,NA,NA,NA,NA
Alexander Kreule VVD,553284941850879,VVD,NA,NA,NA,NA,NA,NA
SP Bernheze,555679867783372,SP,NA,NA,NA,NA,NA,NA
Jonge Democraten Utrecht,556182444396338,D66,NA,NA,NA,NA,NA,NA
Stan Peters PvdA,560182477659896,PvdA,NA,NA,NA,NA,NA,NA
ChristenUnie Apeldoorn,562357297179689,ChristenUnie,NA,NA,NA,NA,NA,NA
Peter van Kessel,562459247528401,VVD,NA,NA,NA,NA,NA,NA
PvdA Maassluis,564725660245239,PvdA,NA,NA,NA,NA,NA,NA
Mr. Hans van Mierlo Stichting,571333213225618,D66,NA,NA,NA,NA,NA,NA
SP Purmerend,571432623341874,SP,NA,NA,NA,NA,NA,NA
GroenLinks Drenthe,573092316220069,GroenLinks,NA,NA,NA,NA,NA,NA
Anita Pannebakker D66,581269312322294,D66,NA,NA,NA,NA,NA,NA
PvdA-Harderwijk,583900934989488,PvdA,NA,NA,NA,NA,NA,NA
PvdA Zoetermeer,589938234422084,PvdA,NA,NA,NA,NA,NA,NA
VVD Heerenveen,590372277656268,VVD,NA,NA,NA,NA,NA,NA
CDA Kerkrade,599313950125078,CDA,NA,NA,NA,NA,NA,NA
VVD Wijdemeren,604919512865485,VVD,NA,NA,NA,NA,NA,NA
Forum voor Democratie -FVD,609816282477420,FvD,NA,NA,NA,NA,NA,NA
CDA Mill en Sint Hubert,610561445683906,CDA,NA,NA,NA,NA,NA,NA
"DWARS, GroenLinkse Jongeren",610950552253067,GroenLinks,NA,NA,NA,NA,NA,NA
Pvda Montferland,613711391989275,PvdA,NA,NA,NA,NA,NA,NA
CDA Haarlem,616257468385419,CDA,NA,NA,NA,NA,NA,NA
PvdA Medemblik,616490005068036,PvdA,NA,NA,NA,NA,NA,NA
D66 Harderwijk/Hierden,617251821650596,D66,NA,NA,NA,NA,NA,NA
CDA Drimmelen,618699471497068,CDA,NA,NA,NA,NA,NA,NA
CDA Purmerend,626270210729407,CDA,NA,NA,NA,NA,NA,NA
Pvda Den Bosch,627201893971363,PvdA,NA,NA,NA,NA,NA,NA
D66 Boxtel,628289240576959,D66,NA,NA,NA,NA,NA,NA
DENK Eindhoven,628535584020989,DENK,NA,NA,NA,NA,NA,NA
CDA Valkenburg a/d Geul,630170627073175,CDA,NA,NA,NA,NA,NA,NA
PvdA Smallingerland,630864096938801,PvdA,NA,NA,NA,NA,NA,NA
D66 Internationaal,642930529119017,D66,NA,NA,NA,NA,NA,NA
SP Enschede,644446145669723,SP,NA,NA,NA,NA,NA,NA
Peter van Dalen,647389765316921,ChristenUnie,NA,NA,NA,NA,NA,NA
GroenLinks Lochem,661049547329075,GroenLinks,NA,NA,NA,NA,NA,NA
Pvda Alkmaar,667585943263634,PvdA,NA,NA,NA,NA,NA,NA
D66 Steenwijkerland,669907336364750,D66,NA,NA,NA,NA,NA,NA
SGP Nunspeet,671037142966257,SGP,NA,NA,NA,NA,NA,NA
SGP Utrechtse Heuvelrug,673294653100165,SGP,NA,NA,NA,NA,NA,NA
Rob Jetten,684205995075734,D66,NA,NA,NA,NA,NA,NA
CDA West Maas en Waal,686529124720085,CDA,NA,NA,NA,NA,NA,NA
Jesse Klaver,687496011309020,GroenLinks,NA,NA,NA,NA,NA,NA
VVD Lochem,689730844383927,VVD,NA,NA,NA,NA,NA,NA
DWARS Groningen,692001597477360,GroenLinks,NA,NA,NA,NA,NA,NA
Groenlinks Baarn,698044973586589,GroenLinks,NA,NA,NA,NA,NA,NA
CDA Noordwijk-Noordwijkerhout-De Zilk,698451706850384,CDA,NA,NA,NA,NA,NA,NA
SP Noord-Holland,699014280188216,SP,NA,NA,NA,NA,NA,NA
GroenLinks Zoetermeer,703877319733931,GroenLinks,NA,NA,NA,NA,NA,NA
VVD Venray,715536175131982,VVD,NA,NA,NA,NA,NA,NA
BIJ1,717249231795539,BIJ1,NA,NA,NA,NA,NA,NA
VVD Kirchroa,721812541177719,VVD,NA,NA,NA,NA,NA,NA
VVD Aalsmeer,731311010222651,VVD,NA,NA,NA,NA,NA,NA
CDA Boxtel,748985915209148,CDA,NA,NA,NA,NA,NA,NA
PvdA Zeeland,759417477428801,PvdA,NA,NA,NA,NA,NA,NA
CDA Zwijndrecht,760125597332468,CDA,NA,NA,NA,NA,NA,NA
Agnes Jongerius,764061133777036,PvdA,NA,NA,NA,NA,NA,NA
D66 Amersfoort,77106680798,D66,NA,NA,NA,NA,NA,NA
CDA Bergen op Zoom,771521899540181,CDA,NA,NA,NA,NA,NA,NA
CDA Provincie Groningen,773700796038689,CDA,NA,NA,NA,NA,NA,NA
VVD Waterland,783192395169199,VVD,NA,NA,NA,NA,NA,NA
Tineke Strik,783842828375820,GroenLinks,NA,NA,NA,NA,NA,NA
SGP Zeeland,784559828291177,SGP,NA,NA,NA,NA,NA,NA
D66 Son en Breugel,795630170492563,D66,NA,NA,NA,NA,NA,NA
VVD Papendrecht,806683962693581,VVD,NA,NA,NA,NA,NA,NA
50plus Noord Brabant,808087532599076,50PLUS,NA,NA,NA,NA,NA,NA
VVD Fryslan,818385898182914,VVD,NA,NA,NA,NA,NA,NA
Lenny Putman,823097471184627,GroenLinks,NA,NA,NA,NA,NA,NA
Henk Jan Ormel,823537391322678,CDA,NA,NA,NA,NA,NA,NA
Martijn van Helvert,825800654145354,CDA,NA,NA,NA,NA,NA,NA
VVD Wijk Bij Duurstede,828124077223507,VVD,NA,NA,NA,NA,NA,NA
Lilian Marijnissen,844559615710915,SP,NA,NA,NA,NA,NA,NA
Partij voor de Dieren Flevoland,850253651682648,PvdD,NA,NA,NA,NA,NA,NA
VVD Voerendaal,852631531480102,VVD,NA,NA,NA,NA,NA,NA
VVD Drimmelen,853228418123320,VVD,NA,NA,NA,NA,NA,NA
PvdA Westland,862823187132723,PvdA,NA,NA,NA,NA,NA,NA
GroenLinks Lutty van den Berg,873148779417275,GroenLinks,NA,NA,NA,NA,NA,NA
GroenLinks Veldhoven,888203524868856,GroenLinks,NA,NA,NA,NA,NA,NA
CDA Zwolle,890769134318110,CDA,NA,NA,NA,NA,NA,NA
Boaz Adank,897610483722357,VVD,NA,NA,NA,NA,NA,NA
GroenLinks Best,906928256312779,GroenLinks,NA,NA,NA,NA,NA,NA
CDA Den Helder,920592431361475,CDA,NA,NA,NA,NA,NA,NA
De Veldhovense VVD,920935371318767,VVD,NA,NA,NA,NA,NA,NA
Jeroen Janssen - kandidaat Europarlementariër,921841297985499,VVD,NA,NA,NA,NA,NA,NA
VVD Eemsdelta,930099740342915,VVD,NA,NA,NA,NA,NA,NA
VVD Zaanstad,937513793002837,VVD,NA,NA,NA,NA,NA,NA
GroenLinks Bloemendaal,939048969472738,GroenLinks,NA,NA,NA,NA,NA,NA
VVD Voorne,945761432159312,VVD,NA,NA,NA,NA,NA,NA
PVV Dordrecht,957516271079756,PVV,NA,NA,NA,NA,NA,NA
Wybren van Haga,969158383214898,FvD,NA,NA,NA,NA,NA,NA
VVD Tytsjerksteradiel,971443309666536,VVD,NA,NA,NA,NA,NA,NA
GroenLinks Weststellingwerf,995464427271491,GroenLinks,NA,NA,NA,NA,NA,NA
Robert Veldhuis BBB,101808345034398,BBB,NA,NA,NA,NA,NA,NA
Amsterdam BIJ1,392732001145937,BIJ1,NA,NA,NA,NA,NA,NA
Rebekka Timmer,115522827019743,BIJ1,NA,NA,NA,NA,NA,NA
BVNL Noardeast-Fryslân,1471515466307161,BVNL,NA,NA,NA,NA,NA,NA
Belang van Nederland - BVNL,100364422327666,BVNL,NA,NA,NA,NA,NA,NA
Antoinette Roetgerink lijst CDA nr 61,105881151555946,CDA,NA,NA,NA,NA,NA,NA
Bart van den Brink,102659231774493,CDA,NA,NA,NA,NA,NA,NA
CDA Alkmaar,569095910244859,CDA,NA,NA,NA,NA,NA,NA
CDA Almere,244033095778625,CDA,NA,NA,NA,NA,NA,NA
CDA Altena,226133584536501,CDA,NA,NA,NA,NA,NA,NA
CDA Amersfoort,130377573838100,CDA,NA,NA,NA,NA,NA,NA
CDA Amstelveen,1783365325218130,CDA,NA,NA,NA,NA,NA,NA
CDA Apeldoorn,194981260596528,CDA,NA,NA,NA,NA,NA,NA
CDA Bergen-NH,645564278828304,CDA,NA,NA,NA,NA,NA,NA
CDA Bloemendaal,458375320980518,CDA,NA,NA,NA,NA,NA,NA
CDA Borsele,1648345775252712,CDA,NA,NA,NA,NA,NA,NA
CDA Cranendonck,181281155612789,CDA,NA,NA,NA,NA,NA,NA
CDA Den Bosch,338902089618318,CDA,NA,NA,NA,NA,NA,NA
CDA Drenthe,550151728397109,CDA,NA,NA,NA,NA,NA,NA
CDA Edam-Volendam,135140860013782,CDA,NA,NA,NA,NA,NA,NA
CDA Ede,102851356485793,CDA,NA,NA,NA,NA,NA,NA
CDA Emmen,572358059457661,CDA,NA,NA,NA,NA,NA,NA
CDA Flevoland,270085373012452,CDA,NA,NA,NA,NA,NA,NA
CDA Geldrop-Mierlo,364207513684504,CDA,NA,NA,NA,NA,NA,NA
CDA Gennep,479179312279498,CDA,NA,NA,NA,NA,NA,NA
CDA Goeree-Overflakkee,299553243443758,CDA,NA,NA,NA,NA,NA,NA
CDA Goes,148023352020773,CDA,NA,NA,NA,NA,NA,NA
CDA Gooise Meren,1447649805544699,CDA,NA,NA,NA,NA,NA,NA
CDA Groningen,546440435446924,CDA,NA,NA,NA,NA,NA,NA
CDA Heerlen,1732885833661470,CDA,NA,NA,NA,NA,NA,NA
CDA Hoogeveen,517806454943781,CDA,NA,NA,NA,NA,NA,NA
CDA Huizen,312923848793774,CDA,NA,NA,NA,NA,NA,NA
CDA Kaag en Braassem,190987341063673,CDA,NA,NA,NA,NA,NA,NA
CDA Koggenland,220365728121924,CDA,NA,NA,NA,NA,NA,NA
CDA Kop van Noord Holland,736861463159374,CDA,NA,NA,NA,NA,NA,NA
CDA Krimpen,307917159696642,CDA,NA,NA,NA,NA,NA,NA
CDA Krimpenerwaard,924019610958351,CDA,NA,NA,NA,NA,NA,NA
CDA Leiden,357316470970750,CDA,NA,NA,NA,NA,NA,NA
CDA Limburg,148429941847666,CDA,NA,NA,NA,NA,NA,NA
CDA Medemblik,297370010365715,CDA,NA,NA,NA,NA,NA,NA
CDA Meppel,190690801121703,CDA,NA,NA,NA,NA,NA,NA
CDA Midden-Drenthe,178954178962718,CDA,NA,NA,NA,NA,NA,NA
CDA Moerdijk,130818490705926,CDA,NA,NA,NA,NA,NA,NA
CDA Noord-Holland,652006578218691,CDA,NA,NA,NA,NA,NA,NA
CDA OSS,265941240084225,CDA,NA,NA,NA,NA,NA,NA
CDA Oirschot - De Beerzen,539113479503987,CDA,NA,NA,NA,NA,NA,NA
CDA Raalte,418249331586629,CDA,NA,NA,NA,NA,NA,NA
CDA Steenwijkerland,251874718679696,CDA,NA,NA,NA,NA,NA,NA
CDA Tilburg,212200082218113,CDA,NA,NA,NA,NA,NA,NA
CDA Venlo,102119459848996,CDA,NA,NA,NA,NA,NA,NA
CDA Venray,875156262507508,CDA,NA,NA,NA,NA,NA,NA
CDA Waadhoeke,212787845829630,CDA,NA,NA,NA,NA,NA,NA
CDA Waalre,779064112119015,CDA,NA,NA,NA,NA,NA,NA
CDA Zeewolde,195903857175578,CDA,NA,NA,NA,NA,NA,NA
CDA-Landgraaf,713923081953772,CDA,NA,NA,NA,NA,NA,NA
"Frank Buijs, CDA",597205093759430,CDA,NA,NA,NA,NA,NA,NA
"Gabrielle Heine,  Nr. 37 CDA TK'21",103682868214533,CDA,NA,NA,NA,NA,NA,NA
Gelderlandkiestcda,103497724987398,CDA,NA,NA,NA,NA,NA,NA
Hilbert Bredemeijer,108661853969580,CDA,NA,NA,NA,NA,NA,NA
Huibert van Rossum CDA,112652133973679,CDA,NA,NA,NA,NA,NA,NA
Lucille Werner,143716979054755,CDA,NA,NA,NA,NA,NA,NA
Marieke Nass TK,106826734620269,CDA,NA,NA,NA,NA,NA,NA
Mona Keijzer,790841021006963,CDA,NA,NA,NA,NA,NA,NA
Mustafa Bal,223967718058356,CDA,NA,NA,NA,NA,NA,NA
Nr. 35 Piet-Cees van der Wel CDA,102925808393819,CDA,NA,NA,NA,NA,NA,NA
Wytske Postma CDA,1394226180605930,CDA,NA,NA,NA,NA,NA,NA
ChristenUnie Amstelveen,1994692877432938,ChristenUnie,NA,NA,NA,NA,NA,NA
ChristenUnie Bunschoten,371687509536198,ChristenUnie,NA,NA,NA,NA,NA,NA
ChristenUnie Elburg,415275778602417,ChristenUnie,NA,NA,NA,NA,NA,NA
ChristenUnie Gooise Meren,786969904752487,ChristenUnie,NA,NA,NA,NA,NA,NA
ChristenUnie Hoorn,350083421777747,ChristenUnie,NA,NA,NA,NA,NA,NA
ChristenUnie Krimpen aan den IJssel,395993140522461,ChristenUnie,NA,NA,NA,NA,NA,NA
ChristenUnie Lansingerland,371518953020043,ChristenUnie,NA,NA,NA,NA,NA,NA
ChristenUnie Nieuwegein,191350871367589,ChristenUnie,NA,NA,NA,NA,NA,NA
ChristenUnie Overbetuwe,164161077735859,ChristenUnie,NA,NA,NA,NA,NA,NA
ChristenUnie Ridderkerk,349817395064360,ChristenUnie,NA,NA,NA,NA,NA,NA
ChristenUnie Utrecht,331768960226513,ChristenUnie,NA,NA,NA,NA,NA,NA
ChristenUnie Velsen,397594493709630,ChristenUnie,NA,NA,NA,NA,NA,NA
ChristenUnie provincie Groningen,1386401111662274,ChristenUnie,NA,NA,NA,NA,NA,NA
ChristenUnie-SGP Nijkerk&Hoevelaken,467199513374148,ChristenUnie,NA,NA,NA,NA,NA,NA
Christenunie Harlingen,553853824711422,ChristenUnie,NA,NA,NA,NA,NA,NA
Christenunie IJsselstein,1420541648174558,ChristenUnie,NA,NA,NA,NA,NA,NA
Frank Visser,101861521923916,ChristenUnie,NA,NA,NA,NA,NA,NA
"Carline van Breugel, #32",103171544945884,D66,NA,NA,NA,NA,NA,NA
D66 - Rhenen,151043172169156,D66,NA,NA,NA,NA,NA,NA
D66 Bergen op Zoom,251155788287644,D66,NA,NA,NA,NA,NA,NA
D66 Breda,407794169274529,D66,NA,NA,NA,NA,NA,NA
D66 Den Helder,436459169700367,D66,NA,NA,NA,NA,NA,NA
D66 Diemen,669422673069579,D66,NA,NA,NA,NA,NA,NA
D66 Druten,551956148205847,D66,NA,NA,NA,NA,NA,NA
D66 Ede,260889263954978,D66,NA,NA,NA,NA,NA,NA
D66 Emmen,1856250761366447,D66,NA,NA,NA,NA,NA,NA
D66 Houten,512279162203266,D66,NA,NA,NA,NA,NA,NA
D66 IJsselstein,179124345460762,D66,NA,NA,NA,NA,NA,NA
D66 Land van Cuijk,120025204794757,D66,NA,NA,NA,NA,NA,NA
D66 Lansingerland,480607798691317,D66,NA,NA,NA,NA,NA,NA
D66 Medemblik,1963443847203345,D66,NA,NA,NA,NA,NA,NA
D66 Midden-Brabant,276183766599577,D66,NA,NA,NA,NA,NA,NA
D66 Oude IJsselstreek,253375728108660,D66,NA,NA,NA,NA,NA,NA
D66 Overbetuwe,340028816030467,D66,NA,NA,NA,NA,NA,NA
D66 Pijnacker-Nootdorp,149846575656180,D66,NA,NA,NA,NA,NA,NA
D66 Rijswijk,132843257179595,D66,NA,NA,NA,NA,NA,NA
D66 Utrechtse Heuvelrug,235383826599727,D66,NA,NA,NA,NA,NA,NA
D66 Vlaardingen,241453325928760,D66,NA,NA,NA,NA,NA,NA
D66 Weesp,113751728691400,D66,NA,NA,NA,NA,NA,NA
D66 Weststellingwerf,265393510326093,D66,NA,NA,NA,NA,NA,NA
D66 Wijchen,283053498459741,D66,NA,NA,NA,NA,NA,NA
D66 Zoetermeer,389914581122059,D66,NA,NA,NA,NA,NA,NA
D66 Zundert,1287551678030330,D66,NA,NA,NA,NA,NA,NA
D66Zwolle,608154812530161,D66,NA,NA,NA,NA,NA,NA
Eva van Wijngaarden - D66,241787933347407,D66,NA,NA,NA,NA,NA,NA
Faissal & Hans - van Brabant tot Binnenhof,106051891452499,D66,NA,NA,NA,NA,NA,NA
Fonda Sahla,101095462051264,D66,NA,NA,NA,NA,NA,NA
Jan Paternotte,460256660794215,D66,NA,NA,NA,NA,NA,NA
Joan Nunnely,360935727626846,D66,NA,NA,NA,NA,NA,NA
Ojanne de Vries-Chang D66 Heerenveen,582911435391464,D66,NA,NA,NA,NA,NA,NA
Raoul Boucke,1378051212479416,D66,NA,NA,NA,NA,NA,NA
Rens Raemakers - D66,1631452517149430,D66,NA,NA,NA,NA,NA,NA
Salima Belhaj,222198408214618,D66,NA,NA,NA,NA,NA,NA
Sigrid Kaag,106085081224870,D66,NA,NA,NA,NA,NA,NA
Stijn Warmenhoven,104655791595188,D66,NA,NA,NA,NA,NA,NA
T M da Silva Marcos,622122857826026,D66,NA,NA,NA,NA,NA,NA
VVD/Democraten 66 Oudewater,697503880284453,D66,NA,NA,NA,NA,NA,NA
Wieke Paulusma - kandidaat Tweede Kamerlid D66,339699173856399,D66,NA,NA,NA,NA,NA,NA
Dogukan Ergin,2319309638392192,DENK,NA,NA,NA,NA,NA,NA
Elif Hotaman DENK,353672928444912,DENK,NA,NA,NA,NA,NA,NA
Rosa luxemburg Denktank,228113670686100,DENK,NA,NA,NA,NA,NA,NA
Wij Bedenken Namen.nl,116268309749092,DENK,NA,NA,NA,NA,NA,NA
Arjan de Kok - FVD,106522161379858,FvD,NA,NA,NA,NA,NA,NA
FVD Drenthe,940134542788638,FvD,NA,NA,NA,NA,NA,NA
Frederik Jansen,100310298568268,FvD,NA,NA,NA,NA,NA,NA
Dolf Warris - GroenLinks Oss,111357990764923,GroenLinks,NA,NA,NA,NA,NA,NA
GroenLinks Amsterdam,295724207160150,GroenLinks,NA,NA,NA,NA,NA,NA
GroenLinks Castricum,917881558331205,GroenLinks,NA,NA,NA,NA,NA,NA
GroenLinks Gelderland,439958286016356,GroenLinks,NA,NA,NA,NA,NA,NA
GroenLinks Meppel,502630913183362,GroenLinks,NA,NA,NA,NA,NA,NA
GroenLinks Oegstgeest,642712149497103,GroenLinks,NA,NA,NA,NA,NA,NA
GroenLinks Renkum,162865337242691,GroenLinks,NA,NA,NA,NA,NA,NA
GroenLinks Steenwijkerland,2082563628696526,GroenLinks,NA,NA,NA,NA,NA,NA
GroenLinks Utrecht,71794021654,GroenLinks,NA,NA,NA,NA,NA,NA
GroenLinks-PvdA Bergeijk,294107264328691,GroenLinks,NA,NA,NA,NA,NA,NA
Niels van den Berge,356287908062281,GroenLinks,NA,NA,NA,NA,NA,NA
Progressief Akkoord - GroenLinks Deurne,1403428756564141,GroenLinks,NA,NA,NA,NA,NA,NA
PvdA/GroenLinks De Ronde Venen,654552347982213,GroenLinks,NA,NA,NA,NA,NA,NA
WB GroenLinks,319619458061587,GroenLinks,NA,NA,NA,NA,NA,NA
JA21 Zeeland,110827711048844,Ja21,NA,NA,NA,NA,NA,NA
PVV Den Bosch,1885139435031870,PVV,NA,NA,NA,NA,NA,NA
PVV Nissewaard,699772150456009,PVV,NA,NA,NA,NA,NA,NA
PVV Terneuzen,330953914086255,PVV,NA,NA,NA,NA,NA,NA
Abassin Nessar,326793911277704,PvdA,NA,NA,NA,NA,NA,NA
Attiya Gamri,102724325036192,PvdA,NA,NA,NA,NA,NA,NA
Barbara Oomen - PvdA,101159881939305,PvdA,NA,NA,NA,NA,NA,NA
Bart van Bruggen,103297868467170,PvdA,NA,NA,NA,NA,NA,NA
Bas Bijlsma PvdA,104442305044892,PvdA,NA,NA,NA,NA,NA,NA
Jasper Kuntzelaers,101147471988851,PvdA,NA,NA,NA,NA,NA,NA
Kirsten van den Hul,357845981244334,PvdA,NA,NA,NA,NA,NA,NA
Lilianne Ploumen,509195185792644,PvdA,NA,NA,NA,NA,NA,NA
Partij van de Arbeid Gouda,250194101810997,PvdA,NA,NA,NA,NA,NA,NA
PvdA Beverwijk-Wijk aan Zee,1561655447470490,PvdA,NA,NA,NA,NA,NA,NA
PvdA Bommelerwaard,760513170764398,PvdA,NA,NA,NA,NA,NA,NA
PvdA Buren,1376952949196088,PvdA,NA,NA,NA,NA,NA,NA
PvdA Dordrecht,196356360492610,PvdA,NA,NA,NA,NA,NA,NA
PvdA Ede,437846019616612,PvdA,NA,NA,NA,NA,NA,NA
PvdA Eindhoven,518030681575705,PvdA,NA,NA,NA,NA,NA,NA
PvdA Gelderland,300057413403421,PvdA,NA,NA,NA,NA,NA,NA
PvdA Goeree-Overflakkee,541796845835057,PvdA,NA,NA,NA,NA,NA,NA
PvdA Heerlen,208105776983,PvdA,NA,NA,NA,NA,NA,NA
PvdA Heiloo,732205243634926,PvdA,NA,NA,NA,NA,NA,NA
PvdA Het Hogeland,1663807260315461,PvdA,NA,NA,NA,NA,NA,NA
PvdA Leeuwarden,158512744257888,PvdA,NA,NA,NA,NA,NA,NA
PvdA Provincie Utrecht,377484722432934,PvdA,NA,NA,NA,NA,NA,NA
PvdA Roze Netwerk,139047456304129,PvdA,NA,NA,NA,NA,NA,NA
PvdA Steenbergen,544678845644158,PvdA,NA,NA,NA,NA,NA,NA
PvdA Steenwijkerland,296016837171041,PvdA,NA,NA,NA,NA,NA,NA
PvdA Teylingen,416002915117744,PvdA,NA,NA,NA,NA,NA,NA
PvdA Tytsjerksteradiel,533612593362231,PvdA,NA,NA,NA,NA,NA,NA
PvdA Vijfheerenlanden,897113157074278,PvdA,NA,NA,NA,NA,NA,NA
PvdA Woerden,863916193670914,PvdA,NA,NA,NA,NA,NA,NA
PvdA Zwijndrecht.,540144089412228,PvdA,NA,NA,NA,NA,NA,NA
PvdA-Drenthe,103025673101606,PvdA,NA,NA,NA,NA,NA,NA
PvdA-afdeling Lochem,1513913028938636,PvdA,NA,NA,NA,NA,NA,NA
Pvda Amsterdam Oost,395020097267467,PvdA,NA,NA,NA,NA,NA,NA
Pvda Bronckhorst,998027266909008,PvdA,NA,NA,NA,NA,NA,NA
Pvda Doetinchem,444106485673341,PvdA,NA,NA,NA,NA,NA,NA
Pvda Huizen,647735612019661,PvdA,NA,NA,NA,NA,NA,NA
Pvda Rheden en Rozendaal,668085866536115,PvdA,NA,NA,NA,NA,NA,NA
Pvda Waterland,230026360513786,PvdA,NA,NA,NA,NA,NA,NA
Pvda Zutphen Warnsveld,254894508007415,PvdA,NA,NA,NA,NA,NA,NA
Sofyan Mbarki,690312227655661,PvdA,NA,NA,NA,NA,NA,NA
Songul Mutluer,104692921564419,PvdA,NA,NA,NA,NA,NA,NA
VeraTax,712637722497338,PvdA,NA,NA,NA,NA,NA,NA
Partij voor de Dieren - werkgroep Lochem,1522391087848593,PvdD,NA,NA,NA,NA,NA,NA
Partij voor de Dieren Dordrecht,138553482994927,PvdD,NA,NA,NA,NA,NA,NA
Partij voor de Dieren Gelderland,174753755981452,PvdD,NA,NA,NA,NA,NA,NA
Partij voor de Dieren Gemeente Groningen,976825745813543,PvdD,NA,NA,NA,NA,NA,NA
Partij voor de Dieren Lelystad,444772086026343,PvdD,NA,NA,NA,NA,NA,NA
Partij voor de Dieren Utrecht,128863843840889,PvdD,NA,NA,NA,NA,NA,NA
Partij voor de Dieren Zuid-Holland,195643057135775,PvdD,NA,NA,NA,NA,NA,NA
Partij voor de Dieren werkgroep Culemborg,311026109316385,PvdD,NA,NA,NA,NA,NA,NA
Partij voor de Dieren-Werkgroep Achterhoek,486736151486421,PvdD,NA,NA,NA,NA,NA,NA
Roelof Bisschop,108935297338227,SGP,NA,NA,NA,NA,NA,NA
SGP Jongeren Staphorst,344383675689926,SGP,NA,NA,NA,NA,NA,NA
SGP Vlissingen,349588205180009,SGP,NA,NA,NA,NA,NA,NA
SGP-Houten,176838042520007,SGP,NA,NA,NA,NA,NA,NA
SGP-jongeren Merwestreek,916076498549478,SGP,NA,NA,NA,NA,NA,NA
SGPJ Ambacht-Zwijndrecht,182568432352387,SGP,NA,NA,NA,NA,NA,NA
SP Bergen op Zoom,299486430147132,SP,NA,NA,NA,NA,NA,NA
SP Capelle aan den IJssel,1385539908345370,SP,NA,NA,NA,NA,NA,NA
SP Gouda,358346067510653,SP,NA,NA,NA,NA,NA,NA
SP Halderberge Rucphen,1877043885916734,SP,NA,NA,NA,NA,NA,NA
SP Landgraaf,190998791633352,SP,NA,NA,NA,NA,NA,NA
SP Landsmeer/Waterland,262069787271921,SP,NA,NA,NA,NA,NA,NA
SP Lelystad,600613763337572,SP,NA,NA,NA,NA,NA,NA
SP Schagen,118479041566849,SP,NA,NA,NA,NA,NA,NA
SP afdeling Emmen,323433701105781,SP,NA,NA,NA,NA,NA,NA
Volt Rotterdam,667343843707423,Volt Nederland,NA,NA,NA,NA,NA,NA
Volt Utrecht,448705809216110,Volt Nederland,NA,NA,NA,NA,NA,NA
Volt Zeeland,109419847588993,Volt Nederland,NA,NA,NA,NA,NA,NA
voltnederland,2254339927992005,Volt Nederland,NA,NA,NA,NA,NA,NA
Claire Martens -raadslid Amsterdamse VVD-,299978833838923,VVD,NA,NA,NA,NA,NA,NA
De Nieuwegeinse VVD,383092391883267,VVD,NA,NA,NA,NA,NA,NA
Erik Haverkort - VVD,100588985336140,VVD,NA,NA,NA,NA,NA,NA
Graafse VVD,153280281401807,VVD,NA,NA,NA,NA,NA,NA
Janine van Hulsteijn,602178776878921,VVD,NA,NA,NA,NA,NA,NA
Joey Leeuwinga,446290229247621,VVD,NA,NA,NA,NA,NA,NA
Liesbeth Rooijmans - VVD,101960038530154,VVD,NA,NA,NA,NA,NA,NA
Martijn Buijsse #53 VVD,103530541783879,VVD,NA,NA,NA,NA,NA,NA
Peter de Groot - VVD,104583928192941,VVD,NA,NA,NA,NA,NA,NA
Roelof Theun Hoen,180023369422229,VVD,NA,NA,NA,NA,NA,NA
Ruben Brekelmans,104116481720032,VVD,NA,NA,NA,NA,NA,NA
Thom van Campen VVD,337319254292145,VVD,NA,NA,NA,NA,NA,NA
Tim Simons,106058884856260,VVD,NA,NA,NA,NA,NA,NA
VVD - Edith van den Ham,597349860355112,VVD,NA,NA,NA,NA,NA,NA
VVD Alphen-Chaam,1812265315505886,VVD,NA,NA,NA,NA,NA,NA
VVD Amstelveen,190006687752310,VVD,NA,NA,NA,NA,NA,NA
VVD Assen,238437236319251,VVD,NA,NA,NA,NA,NA,NA
VVD Beekdaelen,215146218889965,VVD,NA,NA,NA,NA,NA,NA
VVD Bernheze,1593395534300029,VVD,NA,NA,NA,NA,NA,NA
VVD Borger-Odoorn,333261296860074,VVD,NA,NA,NA,NA,NA,NA
VVD Drenthe,1530277467215488,VVD,NA,NA,NA,NA,NA,NA
VVD Dronten,319563324738156,VVD,NA,NA,NA,NA,NA,NA
VVD Goes,535497706467042,VVD,NA,NA,NA,NA,NA,NA
VVD Groningen,121704097936297,VVD,NA,NA,NA,NA,NA,NA
VVD HIA,366931160160935,VVD,NA,NA,NA,NA,NA,NA
VVD Haarlemmermeer,240487486029252,VVD,NA,NA,NA,NA,NA,NA
VVD Hilvarenbeek,170264783021544,VVD,NA,NA,NA,NA,NA,NA
VVD Hoeksche Waard,344688586019193,VVD,NA,NA,NA,NA,NA,NA
VVD Hoorn,226011184205452,VVD,NA,NA,NA,NA,NA,NA
VVD Jeannette Baljeu,864975727175786,VVD,NA,NA,NA,NA,NA,NA
VVD Kaag en Braassem,509341095749258,VVD,NA,NA,NA,NA,NA,NA
VVD Leeuwarden,1377601545801431,VVD,NA,NA,NA,NA,NA,NA
VVD Leusden,246449775514598,VVD,NA,NA,NA,NA,NA,NA
VVD Lingewaard,305121659514613,VVD,NA,NA,NA,NA,NA,NA
VVD Noordoostpolder,1390230454568514,VVD,NA,NA,NA,NA,NA,NA
VVD Oss,922275131120043,VVD,NA,NA,NA,NA,NA,NA
VVD Oude-IJsselstreek,212733135936874,VVD,NA,NA,NA,NA,NA,NA
VVD Overijssel,885371264817071,VVD,NA,NA,NA,NA,NA,NA
VVD Regio Fryslân,105913804794830,VVD,NA,NA,NA,NA,NA,NA
VVD Roermond,448759811826413,VVD,NA,NA,NA,NA,NA,NA
VVD Soest-Soesterberg,103877048563570,VVD,NA,NA,NA,NA,NA,NA
VVD Veenendaal,254628621255389,VVD,NA,NA,NA,NA,NA,NA
VVD Westfriesland,238370166527350,VVD,NA,NA,NA,NA,NA,NA
VVD Westland,223379487703566,VVD,NA,NA,NA,NA,NA,NA
VVD Weststellingwerf,383790798412506,VVD,NA,NA,NA,NA,NA,NA
VVD Zutphen-Warnsveld,1388244018106570,VVD,NA,NA,NA,NA,NA,NA
VVD in de Eerste Kamer,105879341498800,VVD,NA,NA,NA,NA,NA,NA
VVD-Maashorst,457810957661494,VVD,NA,NA,NA,NA,NA,NA
de Bergse VVD,487529177944861,VVD,NA,NA,NA,NA,NA,NA
PvdA-GroenLinks Boxtel,1381731098742805,PvdA,yo,NA,NA,NA,NA,NA
"PvdA-GroenLinks Vught, Helvoirt & Cromvoirt",329248237216890,PvdA,yo,NA,NA,NA,NA,NA
PvdA Goes,1412530858983763,PvdA,yo,NA,NA,NA,NA,NA
D66 Oisterwijk,1345690000000000,D66,yo,NA,NA,NA,NA,NA
VVD Maasland,1743766155846128,VVD,yo,NA,NA,NA,NA,NA
PvdA Nijmegen,1393529407559073,PvdA,yo,NA,NA,NA,NA,NA
CDA Midden-Groningen,1649010000000000,CDA,yo,NA,NA,NA,NA,NA
D66 Goes,1750415495212074,D66,yo,NA,NA,NA,NA,NA
Forum voor Democratie Zeeland,1631684917126244,FvD,yo,NA,NA,NA,NA,NA
Jonge Socialisten Rijnmond,143150269032772,PvdA,yo,NA,NA,NA,NA,NA
Partij voor de Dieren Almere,1746352698711497,PvdD,yo,NA,NA,NA,NA,NA
PvdA Stichtse Vecht,1715340175444649,PvdA,yo,NA,NA,NA,NA,NA
SGP ChristenUnie Goes,100881570041931,ChristenUnie,yo,NA,NA,NA,NA,NA
SGP Urk,1475272182780528,SGP,yo,NA,NA,NA,NA,NA
VVD Wormerland,1196350273823975,VVD,yo,NA,NA,NA,NA,NA
FVD Amsterdam,1519997944789254,FvD,NA,NA,NA,NA,NA,NA
JFVD,1310158545730624,FvD,NA,NA,NA,NA,NA,NA
GroenLinks Aa en Hunze,1940934655935968,GroenLinks,NA,NA,NA,NA,NA,NA
GroenLinks Limburg,277830172423745,GroenLinks,NA,NA,NA,NA,NA,NA
GroenLinks Helmond,1411283215766694,GroenLinks,NA,NA,NA,NA,NA,NA
Kim van Sparrentak,2326697260991619,GroenLinks,NA,NA,NA,NA,NA,NA
GroenLinks Midden-Groningen,1745762299021142,GroenLinks,NA,NA,NA,NA,NA,NA
GroenLinks De Fryske Marren,228860957246908,GroenLinks,NA,NA,NA,NA,NA,NA
GroenLinks Overbetuwe,1166808893329408,GroenLinks,NA,NA,NA,NA,NA,NA
GroenLinks Brabant,157612007615228,GroenLinks,NA,NA,NA,NA,NA,NA
Tunahan Kuzu,596153377149961,DENK,NA,NA,NA,NA,NA,NA
DENK,1550088745275913,DENK,NA,NA,NA,NA,NA,NA
Limburg Herdenkt,1559449840931289,DENK,NA,NA,NA,NA,NA,NA
Mahmut Sungur DENK,106297492362053,DENK,NA,NA,NA,NA,NA,NA
Lelystad SGP,1502902726692279,SGP,NA,NA,NA,NA,NA,NA
CU - SGP Leiderdorp,560364254048737,SGP,NA,NA,NA,NA,NA,NA
Kees van der Staaij,135227606660572,SGP,NA,NA,NA,NA,NA,NA
SGP provincie Gelderland,425650727582091,SGP,NA,NA,NA,NA,NA,NA
SGP Tholen,392267247557030,SGP,NA,NA,NA,NA,NA,NA
PVV Almelo,745905415586298,PVV,NA,NA,NA,NA,NA,NA
PVV Tweedekamer,112043525139543,PVV,NA,NA,NA,NA,NA,NA
PVV,141639003175865,PVV,NA,NA,NA,NA,NA,NA
PVV Stichtse Vecht,1967914100151475,PVV,NA,NA,NA,NA,NA,NA
PVV Enschede,573210659541566,PVV,NA,NA,NA,NA,NA,NA
PVV Sittard-Geleen,1263240523724892,PVV,NA,NA,NA,NA,NA,NA
Partij voor de Dieren Aa en Maas,112604644752641,PvdD,NA,NA,NA,NA,NA,NA
Marianne Thieme,126389617450422,PvdD,NA,NA,NA,NA,NA,NA
Partij voor de Dieren Schieland en de Krimpenerwaard,105999812327759,PvdD,NA,NA,NA,NA,NA,NA
Partij voor de Dieren Rijnland,106183841098714,PvdD,NA,NA,NA,NA,NA,NA
Partij voor de Dieren Groningen,105656962844422,PvdD,NA,NA,NA,NA,NA,NA
Meerssense VVD,1160701620720058,VVD,NA,NA,NA,NA,NA,NA
VVD Westerkwartier,1011775145585656,VVD,NA,NA,NA,NA,NA,NA
VVD Gemert-Bakel,1228215290628525,VVD,NA,NA,NA,NA,NA,NA
VVD Flevoland,421920954609274,VVD,NA,NA,NA,NA,NA,NA
VVD Europa,107074255523711,VVD,NA,NA,NA,NA,NA,NA
VVD Waterschap Scheldestromen,181667906115731,VVD,NA,NA,NA,NA,NA,NA
Maastrichtse VVD,815539385128257,VVD,NA,NA,NA,NA,NA,NA
VVD HHNK,115252804799038,VVD,NA,NA,NA,NA,NA,NA
Rudmer Heerema,1839041743042729,VVD,NA,NA,NA,NA,NA,NA
Mark Rutte,34646635859,VVD,NA,NA,NA,NA,NA,NA
VVD Provincie Groningen,243792449107489,VVD,NA,NA,NA,NA,NA,NA
Minister-President,166039216791132,VVD,NA,NA,NA,NA,NA,NA
VVD Waterschap Limburg,1563699950578926,VVD,NA,NA,NA,NA,NA,NA
De Deurnese VVD,1422274718011012,VVD,NA,NA,NA,NA,NA,NA
De Statenfractie VVD Zeeland,138562149512752,VVD,NA,NA,NA,NA,NA,NA
Jeroen van Dijken - VVD,1904283853212282,VVD,NA,NA,NA,NA,NA,NA
Pieter Dijkman VVD kandidaat Provinciale Staten van Noord-Holland,105660295711388,VVD,NA,NA,NA,NA,NA,NA
VVD Altena,1543542572602854,VVD,NA,NA,NA,NA,NA,NA
VVD Rhenen,1788767758074479,VVD,NA,NA,NA,NA,NA,NA
ChristenUnie Provincie Utrecht,544720052310663,ChristenUnie,NA,NA,NA,NA,NA,NA
ChristenUnie Fryslân,174501385922296,ChristenUnie,NA,NA,NA,NA,NA,NA
ChristenUnie Molenlanden,1938971373084052,ChristenUnie,NA,NA,NA,NA,NA,NA
ChristenUnie Limburg,207470586040705,ChristenUnie,NA,NA,NA,NA,NA,NA
ChristenUnie Barneveld,388745857906285,ChristenUnie,NA,NA,NA,NA,NA,NA
ChristenUnie Noord-Holland,1513719122247725,ChristenUnie,NA,NA,NA,NA,NA,NA
Joël Voordewind,1142077739171588,ChristenUnie,NA,NA,NA,NA,NA,NA
ChristenUnie-SGP Haarlemmermeer,1962270687342032,ChristenUnie,NA,NA,NA,NA,NA,NA
ChristenUnie-SGP Oudewater,1438634716368426,ChristenUnie,NA,NA,NA,NA,NA,NA
ChristenUnie SGP Rotterdam,243148232487383,ChristenUnie,NA,NA,NA,NA,NA,NA
ChristenUnie Hoeksche Waard,1000182456818319,ChristenUnie,NA,NA,NA,NA,NA,NA
Arjan Langen - ChristenUnie,100237759674715,ChristenUnie,NA,NA,NA,NA,NA,NA
Christenunie Hardenberg,1407071029524552,ChristenUnie,NA,NA,NA,NA,NA,NA
Henk Krol,1120197621364564,50PLUS,NA,NA,NA,NA,NA,NA
50plus Zuid-Holland,105228219094910,50PLUS,NA,NA,NA,NA,NA,NA
50PLUS-Overijssel,108387285493926,50PLUS,NA,NA,NA,NA,NA,NA
50PLUSFlevoland,478982942635390,50PLUS,NA,NA,NA,NA,NA,NA
50plus Tilburg,1069373879746516,50PLUS,NA,NA,NA,NA,NA,NA
SP Haarlem,1441662002729821,SP,NA,NA,NA,NA,NA,NA
SP Noord-Brabant,1525295717743886,SP,NA,NA,NA,NA,NA,NA
"ROOD, jong in de SP",219315465900,SP,NA,NA,NA,NA,NA,NA
SP Jongeren,110333761471734,SP,NA,NA,NA,NA,NA,NA
D66 Aalten-Dinxperlo,1248801595203744,D66,NA,NA,NA,NA,NA,NA
D66 Dalfsen,415242511939767,D66,NA,NA,NA,NA,NA,NA
D66 Noord-Beveland,1729913110668532,D66,NA,NA,NA,NA,NA,NA
D66 Soest-Soesterberg,1129208503774916,D66,NA,NA,NA,NA,NA,NA
D66 Beekdaelen,1970145503263766,D66,NA,NA,NA,NA,NA,NA
CDAAchtkarspelen,498631290179145,CDA,NA,NA,NA,NA,NA,NA
Harry van der Molen,1598361623791979,CDA,NA,NA,NA,NA,NA,NA
Michel Rog,1701977273392331,CDA,NA,NA,NA,NA,NA,NA
CDA Harderwijk Hierden,1595248250741419,CDA,NA,NA,NA,NA,NA,NA
CDA Heemskerk,1512067898874085,CDA,NA,NA,NA,NA,NA,NA
CDA Drents Overijsselse Delta,104781687807849,CDA,NA,NA,NA,NA,NA,NA
Wopke Hoekstra,2018408465106868,CDA,NA,NA,NA,NA,NA,NA
Joba van den Berg,1844392342447692,CDA,NA,NA,NA,NA,NA,NA
Maurits von Martels CDA,1727815447535716,CDA,NA,NA,NA,NA,NA,NA
CDA Smallingerland,1787602688161421,CDA,NA,NA,NA,NA,NA,NA
Mustafa Amhaouch,1862580210628899,CDA,NA,NA,NA,NA,NA,NA
CDA Zuid-Holland,1523833891223465,CDA,NA,NA,NA,NA,NA,NA
CDA Ermelo,1417520661873955,CDA,NA,NA,NA,NA,NA,NA
Sybrand Buma,1111353662231954,CDA,NA,NA,NA,NA,NA,NA
CDA Zaanstad,1557210341199535,CDA,NA,NA,NA,NA,NA,NA
Raymond Knops,1705660683039799,CDA,NA,NA,NA,NA,NA,NA
CDA Ommen,1107043432765171,CDA,NA,NA,NA,NA,NA,NA
René Peters,1791229601140644,CDA,NA,NA,NA,NA,NA,NA
PvdA Winterswijk,1393972554182063,PvdA,NA,NA,NA,NA,NA,NA
PvdA Vlaardingen,1383104228576987,PvdA,NA,NA,NA,NA,NA,NA
PvdA Zuid-Holland,526682507436451,PvdA,NA,NA,NA,NA,NA,NA
PvdA Valkenswaard,1422889834673368,PvdA,NA,NA,NA,NA,NA,NA
Partij van de Arbeid PvdA Midden-Groningen,1510532972292654,PvdA,NA,NA,NA,NA,NA,NA
PvdA Tilburg,1389317844656912,PvdA,NA,NA,NA,NA,NA,NA
PvdA Coevorden,270919709744419,PvdA,NA,NA,NA,NA,NA,NA
PvdA Waalwijk (This Page has been deleted.),1551637291831665,PvdA,NA,NA,NA,NA,NA,NA
PvdA Limburg,165914046762784,PvdA,NA,NA,NA,NA,NA,NA
PvdA Breda,110883405741664,PvdA,NA,NA,NA,NA,NA,NA
Pvda Lingewaard,1380763172182215,PvdA,NA,NA,NA,NA,NA,NA
PvdA Noord Holland,226310417539522,PvdA,NA,NA,NA,NA,NA,NA
PvdA Noordoostpolder,1218520171552619,PvdA,NA,NA,NA,NA,NA,NA
PvdA Zevenaar,385731594812535,PvdA,NA,NA,NA,NA,NA,NA
Alliantie,109519805323713,Alliantie,NA,NA,NA,NA,NA,NA
Henriette van Hedel - Alliantie,103838582646296,Alliantie,NA,NA,NA,NA,NA,NA
BBB BoerBurgerBeweging,338750440106782,BBB,NA,Boerburgerbeweging,19101,55,BBB,NA
CDA Gelderland,133724653386228,CDA,NA,CDA Gelderland,2199,68,CDA,CDA
D66 Noord-Holland,624058687606718,D66,NA,D66,1623,14,D66,D66
CDA Fryslân,121867394634298,CDA,NA,CDA Fryslân,1489,101,CDA,CDA
D66 Zuid-Holland,299647013657,D66,NA,D66,840,7,D66,D66
D66 Provincie Utrecht,146789088709224,D66,NA,D66,739,10,D66,D66
VVD Brabant,644928592236017,VVD,NA,VVD Brabant,725,25,VVD,VVD
D66 Noord-Brabant,907173135967616,D66,NA,D66,604,10,D66,D66
Volt Brabant,100598156282247,Volt Nederland,NA,Volt Brabant,604,38,Volt Nederland,Volt Nederland
BBB Boerburgerbeweging Zeeland,102905492302806,BBB,NA,BoerBurgerBeweging,471,6,BBB,NA
D66 Limburg,514602005332873,D66,NA,D66,450,6,D66,D66
Volt Noord-Holland,105326315333967,Volt Nederland,NA,Volt Noord-Holland,374,52,Volt Nederland,Volt Nederland
D66 Fryslân,374668649274849,D66,NA,D66,367,6,D66,D66
D66 Provincie Groningen,610533965679052,D66,NA,D66,324,12,D66,D66
PVVLimburg,105262589168470,PVV,NA,Anbi stichting Ondersteuning PVV Limburg,300,4,PVV,PVV
BBB Boerburgerbeweging Noord-Holland,100367435948605,BBB,NA,BoerBurgerBeweging,250,2,BBB,NA
D66 Flevoland,261561310575176,D66,NA,D66,240,8,D66,D66
D66 Gelderland,114857098583610,D66,NA,D66,238,8,D66,D66
D66 Drenthe,104517201638527,D66,NA,D66,167,4,D66,D66
BVNL-Haarlemmermeer,109874178164594,BVNL,NA,Albertus De Ruiter,142,7,BVNL,NA
Ronnie Buiks - CDA Brabant,113005505052234,CDA,NA,CDA Brabant,139,6,CDA,CDA
Partij voor de Dieren provincie Utrecht,2269663599935960,PvdD,NA,Partij voor de Dieren,≤100,1,PvdD,PvdD
PvdA Laarbeek,345965619184255,PvdA,NA,PvdA Laarbeek,≤100,14,PvdA,PvdA
BBB Boerburgerbeweging Limburg,108546261782184,BBB,NA,BBB BoerBurgerBeweging,≤100,1,BBB,BBB
PVV Daryl Pfoster,1463826417185442,PVV,NA,Daryl Didi Wiedje Pfoster,≤100,3,PVV,NA
PvdA Pro Texel,379066192245654,PvdA,NA,PvdA Pro Texel,≤100,8,PvdA,PvdA
VVD Gelderland,159481067515060,VVD,NA,VVD Gelderland,≤100,5,VVD,VVD
Bart Megens Statenlid PVV Limburg,400508250496182,PVV,NA,Megens Bart J M H,≤100,3,PVV,NA
BVNL Zaltbommel,104489781983494,BVNL,NA,Jordy Versteeg,≤100,2,BVNL,NA
Arjan de Kok - BVNL,100938695703659,BVNL,NA,Adriaan De Kok,≤100,5,BVNL,NA
Martijn Coenen - D66 Lingewaard,240106474609476,D66,NA,Martijn Coenen,≤100,1,D66,NA
VVD Baarn,399299976834885,VVD,NA,VVD Baarn,≤100,1,VVD,VVD
Nicki Kappel - ChristenUnie,103367516032946,ChristenUnie,NA,Nicki Kappel,≤100,2,ChristenUnie,NA
Partij voor de Dieren De Stichtse Rijnlanden,100743318818368,PvdD,NA,Partij voor de Dieren,≤100,1,PvdD,PvdD
GroenLinks Parkstad,381853668686946,GroenLinks,NA,GroenLinks,≤100,2,GroenLinks,GroenLinks
GroenLinks Geldrop-Mierlo,433287416715768,GroenLinks,NA,GroenLinks Geldrop-Mierlo,≤100,1,GroenLinks,GroenLinks
BVNL Gelderland,118331774489558,BVNL,NA,BVNL Gelderland,≤100,6,BVNL,BVNL
GroenLinks Texel,283811678740257,GroenLinks,NA,GroenLinks Texel,≤100,2,GroenLinks,GroenLinks
CDA Albrandswaard,103347675627728,CDA,NA,Christiaan Van Der Kaaij,≤100,1,CDA,NA
PVV Emmen,693494117480577,PVV,NA,Klaas Bosma,≤100,2,PVV,NA
CU Capelle a/d IJssel,181404488676881,ChristenUnie,NA,CU Capelle aan den IJssel,≤100,1,ChristenUnie,ChristenUnie
BBB Waterschap Vechtstromen,110825988562477,BBB,NA,These ads ran without a disclaimer,≤100,2,BBB,NA
GroenLinks Súdwest-Fryslân,1981149088795821,GroenLinks,NA,GroenLinks Súdwest-Fryslân,≤100,1,GroenLinks,GroenLinks
PVV Thijs Klaassen,151426432189616,PVV,NA,Mathijs Hendrik Johan Klaassen,≤100,1,PVV,NA
VVD Brummen-Eerbeek,103147491104303,VVD,NA,VVD Brummen-Eerbeek,≤100,1,VVD,VVD
D66 Venray,444575518984718,D66,NA,D66 Venray,≤100,2,D66,D66
GroenLinks Noordwijk,163793684100220,GroenLinks,NA,These ads ran without a disclaimer,≤100,1,GroenLinks,NA
